,x,y,id,address,category_group_code,category_group_name,category_name,place_name,road_address_name
0,126.91976584375472,37.55008537544703,26235884,서울 마포구 서교동 395-78,CE7,카페,음식점 > 카페,피오니 홍대점,서울 마포구 독막로7길 51
1,126.92268836144711,37.54732125984626,26485620,서울 마포구 상수동 328-2,CE7,카페,음식점 > 카페 > 커피전문점,오츠커피 마포점,서울 마포구 독막로14길 32
2,126.92080390282436,37.55297827989159,53292857,서울 마포구 서교동 369-1,CE7,카페,음식점 > 카페,943킹스크로스,서울 마포구 양화로16길 24
3,126.927602272249,37.5538674238312,27248379,서울 마포구 서교동 338-1,CE7,카페,음식점 > 카페 > 커피전문점,테일러커피 서교점,서울 마포구 와우산로27길 7
4,126.923759261108,37.5535983096117,10368349,서울 마포구 서교동 486,CE7,카페,음식점 > 카페,땡스네이쳐,서울 마포구 홍익로 10
5,126.92041181434162,37.54921184425959,26966842,서울 마포구 서교동 403-13,CE7,카페,음식점 > 카페 > 테마카페,콜린,서울 마포구 어울마당로 45
6,126.927969400298,37.5533955255519,26966117,서울 마포구 창전동 6-131,CE7,카페,음식점 > 카페,버터밀크,서울 마포구 와우산로 130
7,126.91718810093374,37.54789416964925,447132083,서울 마포구 합정동 363-28,CE7,카페,음식점 > 카페,어반플랜트 합정,서울 마포구 독막로4길 3
8,126.928688328087,37.5542717317149,1960387368,서울 마포구 서교동 337-10,CE7,카페,음식점 > 카페,톤앤매너,서울 마포구 와우산로29가길 13
9,126.92297729542535,37.55245713888671,1780755840,서울 마포구 서교동 358-37,CE7,카페,음식점 > 카페 > 테마카페,미어캣프랜즈,서울 마포구 와우산로21길 20
10,126.923100991167,37.5466169482794,27194461,서울 마포구 상수동 330-12,CE7,카페,음식점 > 카페 > 다방,제비다방,서울 마포구 와우산로 24
11,126.91996476006,37.5503233739729,24532689,서울 마포구 서교동 395-199,CE7,카페,음식점 > 카페,허밍벨라,서울 마포구 독막로7길 57
12,126.92244916458264,37.54882577058748,1494667205,서울 마포구 상수동 93-111,CE7,카페,음식점 > 카페,스탠스커피,서울 마포구 와우산로11길 9
13,126.9219745614352,37.55142754085362,1546782043,서울 마포구 서교동 364-14,CE7,카페,음식점 > 카페,산리오러버스클럽,서울 마포구 와우산로19길 18
14,126.92649844260332,37.5577446346546,1789749349,서울 마포구 동교동 192-45,CE7,카페,음식점 > 카페,무신사테라스,서울 마포구 양화로 188
15,126.922525282682,37.5518171346304,1604855298,서울 마포구 서교동 364-4,CE7,카페,음식점 > 카페 > 테마카페,ESC방탈출카페 홍대점,서울 마포구 와우산로21길 19-16
16,126.918435148767,37.5458137305902,12518512,서울 마포구 합정동 357-6,CE7,카페,음식점 > 카페 > 커피전문점,앤트러사이트 합정점,서울 마포구 토정로5길 10
17,126.923256037934,37.5499110997905,10361948,서울 마포구 상수동 86-37,CE7,카페,음식점 > 카페 > 테마카페 > 디저트카페,르쁘띠푸 홍대본점,서울 마포구 와우산로 62
18,126.922395768091,37.5501195691292,1351400084,서울 마포구 서교동 410-9,CE7,카페,음식점 > 카페 > 테마카페,서울이스케이프룸 홍대2호점,서울 마포구 와우산로17길 11
19,126.920600860929,37.5480857234544,14565564,서울 마포구 상수동 317-11,CE7,카페,음식점 > 카페 > 테마카페 > 디저트카페,달콤한거짓말,서울 마포구 독막로 61-4
20,126.922746421907,37.5524659980373,12532489,서울 마포구 서교동 358-124,CE7,카페,음식점 > 카페 > 테마카페 > 사주카페,재미난조각가 홍대점,서울 마포구 와우산로21길 24
21,126.921243241376,37.552749720304,36768345,서울 마포구 서교동 369-42,CE7,카페,음식점 > 카페,카페 지금여기,서울 마포구 양화로16길 30-5
22,126.919931450613,37.551840632165,7871776,서울 마포구 서교동 368-7,CE7,카페,음식점 > 카페 > 테마카페,멜로우,서울 마포구 잔다리로 30-11
23,126.922674396046,37.5520767197903,1228594008,서울 마포구 서교동 364-2,CE7,카페,음식점 > 카페 > 테마카페 > 고양이카페,집사의하루 홍대점,서울 마포구 와우산로21길 19-8
24,126.922843593932,37.5504189940142,678802397,서울 마포구 서교동 407-2,CE7,카페,음식점 > 카페 > 테마카페,싸인이스케이프 홍대점,서울 마포구 와우산로 65
25,126.922881704192,37.5573639089622,23634722,서울 마포구 동교동 158-24,CE7,카페,음식점 > 카페 > 테마카페 > 북카페,1984,서울 마포구 동교로 194
26,126.927360618428,37.5556512505867,432440843,서울 마포구 서교동 333-6,CE7,카페,음식점 > 카페 > 테마카페 > 디저트카페,라헬의부엌 홍대점,서울 마포구 와우산로29길 47
27,126.9206677985963,37.55219432038735,27515050,서울 마포구 서교동 366-28,CE7,카페,음식점 > 카페 > 테마카페 > 디저트카페,민트하임,서울 마포구 잔다리로6길 28
28,126.92186632426,37.5499570402914,923108798,서울 마포구 서교동 409-18,CE7,카페,음식점 > 카페 > 테마카페 > 애견카페,겨울이머무는집,서울 마포구 와우산로17길 19-5
29,126.91948566716717,37.54964549757982,727312827,서울 마포구 서교동 398-1,CE7,카페,음식점 > 카페 > 테마카페,미스터리룸이스케이프 홍대2호점,서울 마포구 독막로7길 41
30,126.92092131806324,37.548959907027175,831205434,서울 마포구 서교동 408-27,CE7,카페,음식점 > 카페 > 테마카페 > 애견카페,더귀여워,서울 마포구 어울마당로 44-1
31,126.92711760256184,37.55417346486832,27369058,서울 마포구 서교동 339-5,CE7,카페,음식점 > 카페 > 테마카페,리얼이스케이프챌린지,서울 마포구 와우산로27길 21
32,126.916218106637,37.5490810013621,71785169,서울 마포구 서교동 394-16,CE7,카페,음식점 > 카페,키쉬미뇽,서울 마포구 양화로6길 35
33,126.926889731852,37.5557374557051,15612278,서울 마포구 서교동 333-30,CE7,카페,음식점 > 카페,카페장쌤,서울 마포구 와우산로29마길 5
34,126.9208744525849,37.55047355277373,10304651,서울 마포구 서교동 405-15,CE7,카페,음식점 > 카페,델문도,서울 마포구 잔다리로 19-6
35,126.922159927225,37.5505591010195,27311809,서울 마포구 서교동 407-26,CE7,카페,음식점 > 카페 > 테마카페,반지대학 홍대본점,서울 마포구 잔다리로 7
36,126.922866943851,37.5497234386161,11263998,서울 마포구 상수동 86-53,CE7,카페,음식점 > 카페 > 테마카페 > 디저트카페,스노브,서울 마포구 와우산로 59
37,126.92266929214244,37.552635335148885,1772415237,서울 마포구 서교동 358-123,CE7,카페,음식점 > 카페 > 테마카페,엑스이스케이프 홍대놀이터점,서울 마포구 와우산로21길 20-5
38,126.923488046863,37.5509978541843,1772808576,서울 마포구 서교동 361-16,CE7,카페,음식점 > 카페 > 테마카페,비트포비아 던전101,서울 마포구 와우산로 74
39,126.926735162857,37.5564040979403,1737597646,서울 마포구 서교동 330-19,CE7,카페,음식점 > 카페,앤디스커피,서울 마포구 와우산로35길 75
40,126.92255854314176,37.55248389492183,7940799,서울 마포구 서교동 358-125,CE7,카페,음식점 > 카페 > 테마카페 > 디저트카페,쇼콜라윰,서울 마포구 와우산로21길 26
41,126.92702597608,37.555290645256,1933012298,서울 마포구 서교동 333-10,CE7,카페,음식점 > 카페,카페333,서울 마포구 와우산로29라길 12
42,126.92191959031598,37.55747500027613,15985522,서울 마포구 동교동 201-10,CE7,카페,음식점 > 카페 > 커피전문점,이미커피,서울 마포구 동교로25길 7
43,126.92328058235611,37.55025439607592,17127074,서울 마포구 상수동 86-22,CE7,카페,음식점 > 카페 > 커피전문점 > 스타벅스,스타벅스 홍대삼거리점,서울 마포구 와우산로 64
44,126.92484635985,37.5529394761745,451924760,서울 마포구 서교동 338-48,CE7,카페,음식점 > 카페 > 테마카페,브레이크아웃이스케이프 홍대점,서울 마포구 와우산로 102
45,126.923403025643,37.5522465823191,1169646621,서울 마포구 서교동 359,,,여행 > 공원,홍익문화공원,서울 마포구 와우산로21길 19-3
46,126.923162473573,37.5572739922994,14093975,서울 마포구 동교동 158-2,,,"문화,예술 > 문화시설",청년문화공간JU 동교동,서울 마포구 월드컵북로2길 49
47,126.91969309483204,37.544057644711,1500934361,서울 마포구 당인동 1,,,여행 > 공원 > 도시근린공원,마포새빛문화숲,서울 마포구 토정로 56
48,126.920322976972,37.545494263888,15864184,서울 마포구 당인동 28-9,FD6,음식점,음식점 > 술집 > 와인바,그문화다방,서울 마포구 와우산로3길 49
49,126.93188111629814,37.54283994546329,11085386,서울 마포구 신정동 76-1,,,여행 > 공원 > 도시근린공원,밤섬문화공원,
50,126.936891898439,37.5532096199948,8133437,서울 마포구 노고산동 107-111,,,"교육,학문 > 문화센터",한겨레교육문화센터,서울 마포구 백범로 18
51,126.916460496699,37.5509120015027,1196712831,서울 마포구 서교동 494,,,"교육,학문 > 문화센터",서울생활문화센터 서교,서울 마포구 양화로 72
52,126.935607757607,37.5567624610797,10855440,서울 서대문구 창천동,,,여행 > 공원 > 도시근린공원,창천문화공원,
53,126.927413550432,37.5570856708675,761034571,서울 마포구 동교동 190-66,,,"문화,예술 > 문화예술단체",마포출판문화진흥센터 PLATFORM P,서울 마포구 신촌로2길 19
54,126.919426133845,37.5544892218481,27014849,서울 마포구 서교동 352-26,,,부동산 > 빌딩,인쇄문화회관,서울 마포구 양화로15길 12
55,126.9312805524434,37.54622735428695,10519548,서울 마포구 창전동 148-3,,,부동산 > 주거시설 > 아파트,서강문화아파트,서울 마포구 서강로 36
56,126.925989068772,37.555535071157,26859406,서울 마포구 서교동 332-15,CE7,카페,음식점 > 카페 > 테마카페 > 북카페,청춘문화싸롱,서울 마포구 와우산로29바길 19
57,126.929792902164,37.5542507697218,1324177785,서울 마포구 창전동 5-91,CE7,카페,음식점 > 카페,복합문화공간야시시,서울 마포구 와우산로 148-1
58,126.91646501732056,37.5509174106895,452342282,서울 마포구 서교동 494,CT1,문화시설,"문화,예술 > 문화시설 > 공연장,연극극장",서울생활문화센터 서교스퀘어,서울 마포구 양화로 72
59,126.919762382021,37.5533145498879,23907812,서울 마포구 서교동 371-10,,,"교육,학문 > 문화센터",규수당 문화센터,서울 마포구 양화로 112
60,126.918767376527,37.5483223399648,14941277,서울 마포구 합정동 410-11,AG2,중개업소,부동산 > 부동산서비스 > 부동산중개업소,문화공인중개사사무소,서울 마포구 양화로6길 84
61,126.937729361752,37.5532028566454,13603045,서울 마포구 노고산동 31-162,,,"서비스,산업 > 전문대행 > 공간대여 > 모임공간",모임문화공간 위지안,서울 마포구 고산길 6
62,126.91947135215,37.5545361045696,9452993,서울 마포구 서교동 352-26,,,"사회,공공기관 > 단체,협회",대한인쇄문화협회,서울 마포구 양화로15길 12
63,126.918090491978,37.5588202974878,9001333,서울 마포구 연남동 487-391,,,"서비스,산업 > 건설,건축 > 시공업체 > 유리,창호시공",문화유리,서울 마포구 월드컵북로8길 3
64,126.916480298721,37.5534492255874,462745429,서울 마포구 서교동 377-8,,,"교육,학문 > 교육단체",청소년통일문화,서울 마포구 월드컵로8길 72-5
65,126.929175195088,37.5552252801915,1314618932,서울 마포구 서교동 327-21,CE7,카페,음식점 > 카페,포인핸드 입양문화센터,서울 마포구 와우산로29길 14-10
66,126.920121664971,37.5453914140004,1409846394,서울 마포구 당인동 27-9,,,여행 > 공원,당인동문화공원,
67,126.93975580597542,37.557953966765695,1694875377,서울 서대문구 창천동 4-113,,,"문화,예술 > 문화시설",신촌문화발전소,서울 서대문구 연세로2나길 57
68,126.916415602427,37.5505786004288,315435477,서울 마포구 서교동 494,PK6,주차장,"교통,수송 > 교통시설 > 주차장",서울생활문화센터 서교 주차장,
69,126.92780318606744,37.55910954914513,846918043,서울 서대문구 창천동 377,CE7,카페,음식점 > 카페 > 커피전문점,바람커피문화상점,서울 서대문구 연희로2길 62
70,126.928521447201,37.5583693666635,12990247,서울 서대문구 창천동 506-20,HP8,병원,"의료,건강 > 병원 > 치과",재단법인화강문화재단 서울이웃린치과의원,서울 서대문구 신촌로 13
71,126.922759521945,37.5485448624904,21910095,서울 마포구 상수동 145-1,,,"서비스,산업 > 전문대행 > 이벤트기획,대행",해오름문화컨텐츠,서울 마포구 와우산로 45
72,126.917812299545,37.5565531955574,1868478811,서울 마포구 서교동 448-14,,,"문화,예술 > 문화시설",문화본부CAB,서울 마포구 월드컵북로5가길 8-15
73,126.935105165622,37.5568703055865,693416974,서울 서대문구 창천동 57-18,,,"가정,생활 > 화장실",창천문화공원 화장실,서울 서대문구 연세로5나길 19
74,126.918516844744,37.5539263753425,15699358,서울 마포구 서교동 375-25,,,"문화,예술 > 공연,연극",공연문화발전소,서울 마포구 양화로15안길 19
75,126.916691242644,37.5449133161804,310624203,서울 마포구 합정동 55-1,,,"가정,생활 > 화장실",마포새빛문화숲 주차장 개방화장실,서울 마포구 토정로 56
76,126.919913832703,37.5556139985004,26932990,서울 마포구 서교동 351-24,,,"교육,학문 > 문화센터",희망나눔문화센터,서울 마포구 동교로 162
77,126.924463469591,37.5555557289527,27355787,서울 마포구 서교동 346-18,,,"사회,공공기관 > 단체,협회 > 사회복지단체",한음문화재단,서울 마포구 홍익로2길 27-22
78,126.920295807493,37.5455050575395,20549764,서울 마포구 당인동 28-9,,,"문화,예술 > 미술,공예 > 화랑",그문화갤러리,서울 마포구 와우산로3길 49
79,126.92253051578524,37.55769434499982,1815368142,서울 마포구 동교동 200-29,,,"가정,생활 > 통신판매 > 인터넷쇼핑몰",시도문화,서울 마포구 동교로 193
80,126.91667075373022,37.55315383289741,25073566,서울 마포구 서교동 377-20,CT1,문화시설,"문화,예술 > 문화시설 > 문화원",(주)복합문화공간사이,서울 마포구 잔다리로7길 18
81,126.92344886429528,37.55611369387584,18785590,서울 마포구 동교동 165-8,,,"문화,예술 > 도서 > 출판사",국제문화교류센터,서울 마포구 양화로 156
82,126.91765015204548,37.54757553929082,2076214525,서울 마포구 합정동 362-8,,,"문화,예술 > 영화,영상",한맥문화,서울 마포구 독막로6길 9
83,126.914708973508,37.5546264642229,26506391,서울 마포구 서교동 481-2,,,"사회,공공기관 > 단체,협회",어린이문화연대,서울 마포구 동교로 114
84,126.93597667167738,37.554160580925775,213910567,서울 마포구 노고산동 106-82,,,"사회,공공기관 > 단체,협회",퀴어문화축제 사무국,서울 마포구 서강로 138
85,126.937760171147,37.5542588422761,27515327,서울 마포구 노고산동 31-34,,,"교육,학문 > 문화센터",새롬문화센터,서울 마포구 백범로1길 10
86,126.919032362121,37.5502434504549,22251609,서울 마포구 서교동 395-73,,,"교육,학문 > 교육단체 > 학교법인,재단",사단법인문화문,서울 마포구 양화로10길 49
87,126.935296942675,37.5444979032137,114844492,서울 마포구 신수동 448-6,,,"사회,공공기관 > 단체,협회",한국출판문화산업진흥원 오디오북센터,서울 마포구 토정로 222
88,126.925427849923,37.5576844975211,1726081531,서울 마포구 동교동 167-24,,,"사회,공공기관 > 단체,협회 > 사회복지시설 > 장애인복지시설",발달장애인 문화창작소,서울 마포구 양화로 178-5
89,126.92242601431212,37.560243196595216,1085407090,서울 마포구 연남동 567-28,,,"언론,미디어 > 신문",널위한문화예술,서울 마포구 월드컵북로6길 83
90,126.923580878826,37.5553965854703,17169006,서울 마포구 서교동 348-78,AT4,관광명소,"여행 > 관광,명소 > 테마거리",홍대패션거리,
91,126.92952855247,37.5561535189751,104964874,서울 마포구 동교동 190-1,AT4,관광명소,"여행 > 관광,명소 > 테마거리",경의선책거리,서울 마포구 와우산로35길 50-4
92,126.923065231913,37.5505813183069,23120302,서울 마포구 서교동 361-12,AT4,관광명소,"여행 > 관광,명소 > 테마거리",홍대클럽거리,서울 마포구 와우산로 70
93,126.924263894094,37.5559412279911,8177904,서울 마포구 서교동 348-40,AT4,관광명소,"여행 > 관광,명소 > 테마거리",홍대앞걷고싶은거리,
94,126.92857794246042,37.55135243190681,25325255,서울 마포구 창전동 3-243,AT4,관광명소,"여행 > 관광,명소 > 산",와우산,서울 마포구 와우산로30길 87
95,126.92141147348,37.5520434500484,11583205,서울 마포구 서교동,AT4,관광명소,"여행 > 관광,명소 > 테마거리",홍대예술의거리,
96,126.924201253317,37.5507442326996,27055301,서울 마포구 상수동 88-23,AT4,관광명소,"여행 > 관광,명소 > 테마거리",홍대벽화거리,
97,126.921762998265,37.553535735904,530818465,서울 마포구 서교동 357-1,AT4,관광명소,"여행 > 관광,명소 > 테마파크",아이스뮤지엄,서울 마포구 홍익로3길 20
98,126.921348949577,37.5512343122068,1634364045,서울 마포구 서교동 365-28,AT4,관광명소,"여행 > 관광,명소 > 테마거리",홍대축제거리,
99,126.928544343855,37.5486133767492,8236081,서울 마포구 창전동 446-5,,,"여행 > 관광,명소 > 문화유적 > 사당,제단",공민왕사당,
100,126.923168173207,37.547312563033,26537684,서울 마포구 상수동 329-6,AT4,관광명소,"여행 > 관광,명소 > 도자기,도예촌",빚다도예공방 홍대점,서울 마포구 와우산로 32
101,126.91783914759164,37.54859199728843,510096119,서울 마포구 서교동 415,,,"여행 > 관광,명소 > 도보여행 > 밤을걷는밤",밤을 걷는 밤 16화(합정동),
102,126.9317028287,37.5546987847474,799401130,서울 마포구 동교동 190-1,AT4,관광명소,"여행 > 관광,명소 > 테마거리",홍대땡땡거리,서울 마포구 와우산로35길 50-4
103,126.920688372438,37.5466622043895,7814471,서울 마포구 당인동 15-3,,,"여행 > 관광,명소 > 문화유적 > 사당,제단",당인동부군당,서울 마포구 독막로12안길 25-20
104,126.924263105627,37.5522471371287,27454924,서울 마포구 상수동 72-1,,,"여행 > 관광,명소",피카소거리,서울 마포구 와우산로 94
105,126.93667142222,37.5569792757261,1846396457,서울 서대문구 창천동,,,"여행 > 관광,명소 > 광장",스타광장,
106,126.92871077812,37.5497126954282,8084769,서울 마포구 창전동 437-3,,,"여행 > 관광,명소 > 문화유적 > 사당,제단",창전동부군당,
107,126.92837334498412,37.55228934591111,26563572,서울 마포구 창전동,AT4,관광명소,"여행 > 관광,명소 > 도보여행",홍대예술의거리 나들길,
108,126.9260152683588,37.55650816472822,18466620,서울 마포구 서교동 348-29,,,"여행 > 관광,명소 > 관광안내소",마포관광정보센터,서울 마포구 어울마당로 145-3
109,126.9267794030394,37.55745649014531,1577869384,서울 마포구 동교동 190-66,AT4,관광명소,"여행 > 관광,명소 > 도보여행",서울명예도로 노벨길(경의선숲길 홍대입구역방면),서울 마포구 양화로 지하 188
110,126.914920929701,37.555336603138,12776620,서울 마포구 서교동 467-5,,,"여행 > 관광,명소 > 문화유적 > 생가,고택",최규하대통령가옥,서울 마포구 동교로15길 10
111,126.9260152683588,37.55650816472822,26327772,서울 마포구 서교동 348-29,,,"여행 > 관광,명소 > 관광안내소",관광경찰대 홍대센터,서울 마포구 어울마당로 145-3
112,126.921956006959,37.5507716019794,27454873,서울 마포구 서교동,,,"여행 > 관광,명소",피카소거리,
113,126.939115681116,37.5573914161758,12576867,서울 서대문구 창천동,AT4,관광명소,"여행 > 관광,명소 > 테마거리 > 먹자골목",신촌이대거리,
114,126.936901786879,37.5575884731824,7998456,서울 서대문구 창천동,AT4,관광명소,"여행 > 관광,명소 > 테마거리",연세로,
115,126.905914457472,37.5536575185624,1852962598,서울 마포구 망원동,AT4,관광명소,"여행 > 관광,명소 > 테마거리",망리단길,
116,126.936950881804,37.5557360489237,2011201584,서울 서대문구 창천동 30-16,AT4,관광명소,"여행 > 관광,명소 > 테마거리",신촌피아노거리,
117,126.929481783591,37.5433304826647,27416350,서울 마포구 신정동 145-3,,,"여행 > 관광,명소 > 하천",봉원천,
118,126.938744797594,37.5514518477117,17568509,서울 마포구 신수동 1-1,,,"여행 > 관광,명소 > 문화유적 > 탑,비석",서강대학교 알바트로스탑,서울 마포구 백범로 35
119,126.91493215270192,37.53351080966769,8003939,서울 영등포구 여의도동,AT4,관광명소,"여행 > 관광,명소 > 테마거리",여의서로,
120,126.912838265023,37.5439140300625,8693450,서울 마포구 합정동,,,"여행 > 관광,명소 > 동상",절두산순교성지 김대건동상,
121,126.928499256831,37.5484268427621,768897294,서울 마포구 창전동 445,,,"여행 > 관광,명소 > 문화유적",광흥창터,
122,126.9146034960712,37.56176768992774,1981921968,서울 마포구 성산동 산 11-61,,,"여행 > 관광,명소 > 샘터,약수터",성미약수터,
123,126.9309237525547,37.53801904053744,8319957,서울 영등포구 여의도동 84-3,AT4,관광명소,"여행 > 관광,명소 > 섬 > 섬(내륙)",밤섬,
124,126.9269286303554,37.5576259700548,1000191912,서울 마포구 동교동 172-6,AT4,관광명소,"여행 > 관광,명소 > 도보여행",서울명예도로 노벨길(경의선숲길 연남동방면),서울 마포구 양화로 188
125,126.925010553188,37.5449351104202,570955235,서울 마포구 상수동 354-23,,,"여행 > 관광,명소 > 문화유적",서강나루터,서울 마포구 토정로 126
126,126.911842213989,37.5441511544152,8422116,서울 마포구 합정동 96-1,,,"여행 > 관광,명소 > 종교유적지",서울 양화나루와 잠두봉 유적,서울 마포구 토정로 6
127,126.912718432086,37.5612851793166,7942585,서울 마포구 성산동,AT4,관광명소,"여행 > 관광,명소 > 산",성산,
128,126.937061666025,37.5612682298358,27179189,서울 서대문구 신촌동 134,AT4,관광명소,"여행 > 관광,명소 > 테마거리",연세대학교 백양로,서울 서대문구 연세로 50
129,126.92883750358,37.5306836561511,26974731,서울 영등포구 여의도동 84-9,,,"여행 > 관광,명소",여의도물빛광장,
130,126.932854207846,37.5428792457638,811018921,서울 마포구 현석동 220,,,"여행 > 관광,명소 > 문화유적",박세채정승살던곳,서울 마포구 신수로3길 23
131,126.93716175812835,37.5606826353218,8501331,서울 서대문구 신촌동 134,,,"여행 > 관광,명소 > 문화유적",연희궁터 서잠실터,서울 서대문구 연세로 50
132,126.909392959661,37.5483479547094,10872836,서울 마포구 합정동,,,"여행 > 관광,명소 > 동상",포은정몽주선생상,
133,126.926153451216,37.5678644101147,26169961,서울 서대문구 연희동 100-1,,,"여행 > 관광,명소 > 문화유적 > 탑,비석",104고지전적비,서울 서대문구 성산로13길 35-1
134,126.928765948161,37.5393043866851,26988436,서울 영등포구 여의도동 84-3,,,"여행 > 관광,명소 > 생태보존,서식지",한강밤섬 생태경관보전지역,
135,126.923273826605,37.5502210547517,1591202287,서울 마포구 상수동 86-22,FD6,음식점,음식점 > 양식 > 이탈리안,진짜파스타,서울 마포구 와우산로 64
136,126.922723389993,37.5528516100497,892514586,서울 마포구 서교동 358-121,FD6,음식점,"음식점 > 양식 > 멕시칸,브라질",감성타코 홍대점,서울 마포구 와우산로21길 20-11
137,126.92070482118596,37.54822634908483,1737612851,서울 마포구 상수동 317-2,FD6,음식점,음식점 > 양식 > 햄버거,테이스티버거,서울 마포구 독막로 67-11
138,126.92267501638554,37.54928542789264,2057792795,서울 마포구 상수동 91-3,FD6,음식점,음식점 > 일식 > 일본식라면,칸다소바 홍대점,서울 마포구 와우산로 51-6
139,126.922172337916,37.5516835548182,400281849,서울 마포구 서교동 364-10,FD6,음식점,음식점 > 철판요리,우와 홍대본점,서울 마포구 와우산로21길 21-16
140,126.92150590347114,37.55264537945837,1985225055,서울 마포구 서교동 369-4,FD6,음식점,음식점 > 한식,조선시대,서울 마포구 홍익로3길 44
141,126.922634627821,37.5511360518077,27253757,서울 마포구 서교동 363-24,FD6,음식점,"음식점 > 일식 > 초밥,롤",여우골 홍대점,서울 마포구 와우산로19길 9
142,126.9223637900431,37.552582876796265,12771116,서울 마포구 서교동 358-39,FD6,음식점,"음식점 > 일식 > 돈까스,우동",카미야,서울 마포구 와우산로21길 28-6
143,126.920850347282,37.5475849357353,19032013,서울 마포구 상수동 321-1,FD6,음식점,음식점 > 중식 > 중국요리,맛이차이나,서울 마포구 독막로 68
144,126.922465412458,37.5528045890423,895272833,서울 마포구 서교동 358-42,FD6,음식점,음식점 > 분식 > 떡볶이,또보겠지떡볶이집 깐따삐아점,서울 마포구 와우산로21길 28-12
145,126.920998156993,37.5490662762738,90725902,서울 마포구 서교동 408-26,FD6,음식점,"음식점 > 일식 > 돈까스,우동",정돈,서울 마포구 어울마당로 46
146,126.922107756343,37.5528439975489,1736742094,서울 마포구 서교동 358-51,FD6,음식점,음식점 > 양식,마녀주방 홍대점,서울 마포구 와우산로21길 36-10
147,126.924618957329,37.5539953005742,27272711,서울 마포구 서교동 342-16,FD6,음식점,음식점 > 양식,비스트로주라,서울 마포구 와우산로23길 18-7
148,126.92056917003,37.5523564337032,18257217,서울 마포구 서교동 369-10,FD6,음식점,음식점 > 한식,강강술래 홍대점,서울 마포구 잔다리로6길 25
149,126.923703730493,37.5547839866237,8123221,서울 마포구 서교동 346-47,FD6,음식점,음식점 > 양식 > 이탈리안,프리모바치오바치 홍대본점,서울 마포구 와우산로23길 44
150,126.92379574116,37.5488915191848,21410206,서울 마포구 상수동 93-28,FD6,음식점,음식점 > 일식 > 일본식라면,하카타분코,서울 마포구 독막로19길 43
151,126.921174752938,37.5490087303967,833037714,서울 마포구 서교동 408-25,FD6,음식점,음식점 > 양식 > 이탈리안,비스트로사랑방,서울 마포구 와우산로15길 40
152,126.925171531217,37.5536965208231,23734945,서울 마포구 서교동 343-13,FD6,음식점,음식점 > 일식 > 일본식라면,지로우라멘,서울 마포구 와우산로29가길 79
153,126.922481579553,37.5503070331279,1080030680,서울 마포구 서교동 407-6,FD6,음식점,음식점 > 술집 > 일본식주점,공감 홍대2호점,서울 마포구 와우산로17길 10
154,126.920594912252,37.5494264051392,16472628,서울 마포구 서교동 403-16,FD6,음식점,"음식점 > 한식 > 육류,고기 > 불고기,두루치기",산더미불고기,서울 마포구 어울마당로 47
155,126.92280227503409,37.54659152540154,1753129148,서울 마포구 상수동 327-7,FD6,음식점,"음식점 > 한식 > 육류,고기",냉장고,서울 마포구 와우산로 23
156,126.919251175395,37.548820022953,26417392,서울 마포구 서교동 401-5,FD6,음식점,음식점 > 술집 > 일본식주점,개화기요정,서울 마포구 독막로7길 22
157,126.93054626122678,37.55464224823846,2036183426,서울 마포구 창전동 5-138,FD6,음식점,"음식점 > 술집 > 호프,요리주점",산울림1992,서울 마포구 서강로9길 60
158,126.923857747432,37.5546831743202,13337463,서울 마포구 서교동 346-31,FD6,음식점,"음식점 > 일식 > 돈까스,우동",가미우동,서울 마포구 홍익로2길 23
159,126.92950501889854,37.55470470099321,24504952,서울 마포구 서교동 327-17,FD6,음식점,"음식점 > 간식 > 제과,베이커리",아오이토리,서울 마포구 와우산로29길 8
160,126.919158667489,37.5506507881727,19083939,서울 마포구 서교동 395-124,FD6,음식점,"음식점 > 한식 > 육류,고기",이치류 홍대본점,서울 마포구 잔다리로3안길 44
161,126.924760602353,37.5571921297692,1622865435,서울 마포구 동교동 166-14,FD6,음식점,음식점 > 중식 > 중국요리,하이디라오 홍대지점,서울 마포구 양화로 176
162,126.922469130811,37.5492150150139,20044268,서울 마포구 상수동 92-2,FD6,음식점,"음식점 > 한식 > 육류,고기 > 곱창,막창",김덕후의곱창조 홍대본점,서울 마포구 와우산로 51-9
163,126.926395323228,37.5567246416086,18514677,서울 마포구 동교동 170-23,FD6,음식점,"음식점 > 한식 > 육류,고기 > 곱창,막창",황곱 홍대점,서울 마포구 어울마당로 149
164,126.92349707035542,37.553241344916096,899602257,서울 마포구 서교동 358-15,FD6,음식점,"음식점 > 양식 > 멕시칸,브라질",이빠네마그릴 홍대점,서울 마포구 홍익로 7
165,126.917319832394,37.5474743966187,1916682638,서울 마포구 합정동 361-1,FD6,음식점,음식점 > 일식 > 일본식라면,오레노라멘 합정본점,서울 마포구 독막로6길 14
166,126.927849458786,37.5557236301088,17419272,서울 마포구 서교동 328-26,FD6,음식점,음식점 > 한식 > 한정식,더담,서울 마포구 와우산로29길 44
167,126.92660770595288,37.55481105532847,1925626633,서울 마포구 서교동 333-16,FD6,음식점,음식점 > 일식 > 일본식라면,마시타야,서울 마포구 와우산로29라길 26
168,126.92398596129668,37.55101619573641,13284457,서울 마포구 서교동 360-18,FD6,음식점,음식점 > 아시아음식 > 인도음식,예티,서울 마포구 와우산로18길 20
169,126.922384097922,37.5482779207568,690331311,서울 마포구 상수동 145-13,FD6,음식점,"음식점 > 양식 > 스테이크,립",온블랙94,서울 마포구 와우산로 39-14
170,126.923272022704,37.5475649101839,26848996,서울 마포구 상수동 329-1,CE7,카페,음식점 > 카페 > 커피전문점 > 스타벅스,스타벅스 상수역점,서울 마포구 독막로 88
171,126.925309354565,37.5482716983505,824021017,서울 마포구 상수동 94-12,CE7,카페,음식점 > 카페 > 커피전문점,카페프레이밍,서울 마포구 독막로19길 12
172,126.923185443157,37.5481270770186,169341986,서울 마포구 상수동 143-31,CE7,카페,음식점 > 카페 > 커피전문점 > 커피빈,커피빈 상수역점,서울 마포구 와우산로10길 3
173,126.92277418346,37.547496109746,809371316,서울 마포구 상수동 324-9,CE7,카페,음식점 > 카페 > 커피전문점 > 투썸플레이스,투썸플레이스 상수역점,서울 마포구 독막로 86
174,126.92289445697394,37.54938017621972,704902222,서울 마포구 상수동 90-9,CE7,카페,음식점 > 카페 > 커피전문점,아크,서울 마포구 와우산로 55
175,126.920591525041,37.5483524127402,27335076,서울 마포구 상수동 317-1,CE7,카페,음식점 > 카페 > 커피전문점 > 카페게이트,카페게이트 홍대상수점,서울 마포구 독막로 67-13
176,126.92208195029576,37.54610721591583,595088139,서울 마포구 상수동 334-13,CE7,카페,음식점 > 카페 > 커피전문점,아크로마커피바,서울 마포구 와우산로3길 16
177,126.923315797504,37.5479145260828,1540731595,서울 마포구 상수동 309-7,CE7,카페,음식점 > 카페 > 커피전문점,더그릭베어,서울 마포구 독막로 87
178,126.92542105411,37.5486042374059,77274259,서울 마포구 상수동 72-43,CE7,카페,음식점 > 카페 > 커피전문점,시러피하우스,서울 마포구 독막로19길 8-17
179,126.922381836542,37.5482761172732,1467703105,서울 마포구 상수동 145-13,CE7,카페,음식점 > 카페 > 커피전문점,로펠로세라,서울 마포구 와우산로 39-14
180,126.921050242832,37.5479643899653,1721053898,서울 마포구 상수동 317-6,CE7,카페,음식점 > 카페 > 커피전문점,호텔 아르마딜로 커피,서울 마포구 독막로 67
181,126.927393021782,37.5455817146738,25986065,서울 마포구 상수동 60-2,CE7,카페,음식점 > 카페 > 커피전문점 > 커피에반하다,커피에반하다 마포상수점,서울 마포구 토정로 148
182,126.922062724171,37.5482705010874,565795175,서울 마포구 상수동 310-19,CE7,카페,음식점 > 카페 > 커피전문점,태산커피 상수점,서울 마포구 독막로15길 91
183,126.920727709368,37.547984896843,11831477,서울 마포구 상수동 317-8,CE7,카페,음식점 > 카페 > 커피전문점,시연,서울 마포구 독막로 65
184,126.92288966959066,37.5496333536276,1264593199,서울 마포구 상수동 86-55,CE7,카페,음식점 > 카페 > 커피전문점 > 더리터,더리터 상수역점,서울 마포구 와우산로 57
185,126.92586363187128,37.54963525829692,1728529708,서울 마포구 상수동 72-1,CE7,카페,음식점 > 카페 > 커피전문점 > 카페드림,카페드림 홍익대학교인문사회관점,서울 마포구 와우산로 94
186,126.925331178076,37.5479482536665,207380719,서울 마포구 상수동 93-1,CE7,카페,음식점 > 카페 > 커피전문점,에이엠나인,서울 마포구 독막로19길 5
187,126.924511885236,37.5490703768759,803365840,서울 마포구 상수동 71-17,CE7,카페,음식점 > 카페 > 커피전문점,애로우 ARROW,서울 마포구 독막로19길 30-7
188,126.92202561119,37.5491354351076,17137439,서울 마포구 상수동 92-9,CE7,카페,음식점 > 카페 > 커피전문점,카페빵사이,서울 마포구 와우산로13길 25
189,126.920882051509,37.5475669370099,15548483,서울 마포구 상수동 321-1,CE7,카페,음식점 > 카페 > 커피전문점,카페모인,서울 마포구 독막로 68
190,126.92503211658,37.5482616116766,2129141523,서울 마포구 상수동 93-15,CE7,카페,음식점 > 카페 > 커피전문점 > 홈스테드,홈스테드 홍대라부에노점,서울 마포구 독막로19길 15
191,126.92084957751196,37.54831294206314,1414674881,서울 마포구 상수동 316-12,CE7,카페,음식점 > 카페 > 커피전문점,카페리짙,서울 마포구 독막로 67-10
192,126.9218769366,37.548463191996,609021762,서울 마포구 상수동 311-5,CE7,카페,음식점 > 카페 > 커피전문점,카페몬데이,서울 마포구 독막로15길 13-4
193,126.922066061194,37.549412969311,1993553900,서울 마포구 서교동 411-8,CE7,카페,음식점 > 카페 > 커피전문점,소울버튼,서울 마포구 와우산로15길 23
194,126.918420603575,37.5467003033752,592727195,서울 마포구 합정동 355-2,CE7,카페,음식점 > 카페 > 커피전문점,퍼셉션 (Perception),서울 마포구 어울마당로1길 16
195,126.92203499447,37.5499048938819,193594597,서울 마포구 서교동 409-15,CE7,카페,음식점 > 카페 > 커피전문점,카페 공명 홍대 2호점,서울 마포구 와우산로17길 11-8
196,126.92054751529012,37.54930203548398,20000362,서울 마포구 서교동 403-17,CE7,카페,음식점 > 카페 > 커피전문점 > 드롭탑,드롭탑 홍대점,서울 마포구 어울마당로 45-1
197,126.92285991255092,37.54995769357849,27119453,서울 마포구 서교동 411-2,CE7,카페,음식점 > 카페 > 커피전문점 > 빽다방,빽다방 홍대극동방송국점,서울 마포구 와우산로13길 2
198,126.920523307922,37.549719181419,340443921,서울 마포구 서교동 403-5,CE7,카페,음식점 > 카페 > 커피전문점,삼다코지,서울 마포구 독막로9길 34
199,126.919257525142,37.5471297540041,581267505,서울 마포구 합정동 356-10,CE7,카페,음식점 > 카페 > 커피전문점,그로니,서울 마포구 어울마당로3길 5-6
200,126.91908433274,37.5482288537428,2042906398,서울 마포구 합정동 410-18,CE7,카페,음식점 > 카페 > 커피전문점 > 이디야커피,이디야커피 합정동점,서울 마포구 양화로6길 90
201,126.919422331196,37.5485606523211,1184565802,서울 마포구 서교동 401-15,CE7,카페,음식점 > 카페 > 커피전문점,카페 팔레트,서울 마포구 독막로9길 3
202,126.919875431337,37.5491988675292,718727502,서울 마포구 서교동 404-24,CE7,카페,음식점 > 카페 > 커피전문점,딜리커피,서울 마포구 독막로9길 19
203,126.920739159383,37.5499959329784,1300590338,서울 마포구 서교동 403-2,CE7,카페,음식점 > 카페 > 커피전문점,카페버퍼링,서울 마포구 독막로9길 42
204,126.923010463723,37.5510173657116,818440028,서울 마포구 서교동 363-1,CE7,카페,음식점 > 카페 > 커피전문점 > 컴포즈커피,컴포즈커피 홍대삼거리점,서울 마포구 와우산로 73
205,126.92280851803868,37.5515109808089,19539271,서울 마포구 서교동 362-12,CE7,카페,음식점 > 카페 > 커피전문점,블로트커피,서울 마포구 와우산로19길 6-5
206,126.93128558039952,37.548146484530456,886841764,서울 마포구 창전동 444,CE7,카페,음식점 > 카페 > 커피전문점 > 메가MGC커피,메가MGC커피 광흥창역점,서울 마포구 서강로 55
207,126.9313556120936,37.54828708104219,1855869140,서울 마포구 창전동 448,CE7,카페,음식점 > 카페 > 커피전문점 > 투썸플레이스,투썸플레이스 광흥창역점,서울 마포구 서강로 55
208,126.923956547145,37.5510071668158,27558899,서울 마포구 서교동 360-18,CE7,카페,음식점 > 카페 > 커피전문점,트웬티포세븐플러스,서울 마포구 와우산로18길 20
209,126.931909798676,37.5461394209155,18770128,서울 마포구 창전동 442,CE7,카페,음식점 > 카페 > 커피전문점 > 이디야커피,이디야커피 광흥창역점,서울 마포구 창전로 45
210,126.91498394229322,37.54569416640838,24855092,서울 마포구 합정동 368-3,CE7,카페,음식점 > 카페 > 커피전문점,빈브라더스 합정점,서울 마포구 토정로 35-1
211,126.931657893743,37.5493756625598,1572099327,서울 마포구 창전동 130,CE7,카페,음식점 > 카페 > 커피전문점 > 스타벅스,스타벅스 서강광흥창역점,서울 마포구 서강로 69
212,126.926352615326,37.5598708965573,1797970569,서울 마포구 동교동 146-8,CE7,카페,음식점 > 카페 > 커피전문점,카페 공명 연남 1호점,서울 마포구 연희로 11
213,126.914005409928,37.5523374197895,26611450,서울 마포구 서교동 384-3,CE7,카페,음식점 > 카페 > 커피전문점,빌리프커피로스터스,서울 마포구 양화로11길 50
214,126.915952236505,37.5520468982965,1184891158,서울 마포구 서교동 378-19,CE7,카페,음식점 > 카페 > 커피전문점,커피폴리,서울 마포구 양화로11길 14
215,126.92334886722809,37.55871751072101,19807068,서울 마포구 동교동 199-2,CE7,카페,음식점 > 카페 > 커피전문점,딥커피,서울 마포구 동교로 209
216,126.92300360763343,37.55988137399502,1994324336,서울 마포구 동교동 197-31,CE7,카페,음식점 > 카페 > 커피전문점,8810리스트레토바,서울 마포구 월드컵북로6길 88-10
217,126.91284688027773,37.55400882212217,349406544,서울 마포구 서교동 480-12,CE7,카페,음식점 > 카페 > 커피전문점,퀜치커피,서울 마포구 동교로12안길 9
218,126.92923769237947,37.55495862239705,8104927,서울 마포구 서교동 327-19,CE7,카페,음식점 > 카페 > 커피전문점,커피랩,서울 마포구 와우산로29길 14
219,126.920317785646,37.5546231745866,1436512690,서울 마포구 서교동 353-5,CE7,카페,음식점 > 카페 > 커피전문점 > 스타벅스,스타벅스 홍대입구역사거리R점,서울 마포구 양화로 125
220,126.923637798148,37.5572887166274,22105109,서울 마포구 동교동 159-1,CE7,카페,음식점 > 카페 > 커피전문점 > 스타벅스,스타벅스 홍대역점,서울 마포구 양화로 165
221,126.92518582665798,37.557509550972256,231272664,서울 마포구 동교동 166-1,CE7,카페,음식점 > 카페 > 커피전문점 > 스타벅스,스타벅스 홍대공항철도역점,서울 마포구 양화로 178
222,126.926621348495,37.5570563492764,11831442,서울 마포구 동교동 170-32,CE7,카페,음식점 > 카페 > 커피전문점,밀로커피로스터스,서울 마포구 양화로18안길 36
223,126.927589867452,37.5573308503659,22134837,서울 마포구 동교동 176-9,CE7,카페,음식점 > 카페 > 커피전문점,애프터눈커피,서울 마포구 신촌로4길 22-14
224,126.91070575438695,37.5558452570744,12776689,서울 마포구 서교동 475-13,CE7,카페,음식점 > 카페 > 커피전문점 > 스타벅스,스타벅스 망원역점,서울 마포구 월드컵로 74
225,126.9242387367584,37.55619709509767,1969925488,서울 마포구 동교동 164-22,CE7,카페,음식점 > 카페 > 커피전문점 > 메가MGC커피,메가MGC커피 홍대입구역점,서울 마포구 홍익로6길 48
226,126.913541853312,37.5500016943689,27076117,서울 마포구 서교동 490,CE7,카페,음식점 > 카페 > 커피전문점 > 스타벅스,스타벅스 합정메세나몰점,서울 마포구 양화로 45
227,126.927283359225,37.5559611461371,12394379,서울 마포구 서교동 330-10,CE7,카페,음식점 > 카페 > 커피전문점,칼디커피,서울 마포구 와우산로29길 54
228,126.92343618991804,37.557439953584975,26532091,서울 마포구 동교동 158-1,CE7,카페,음식점 > 카페 > 커피전문점 > 투썸플레이스,투썸플레이스 홍대입구역점,서울 마포구 월드컵북로2길 57
229,126.9224290754552,37.55619862304326,1301209629,서울 마포구 동교동 160-1,CE7,카페,음식점 > 카페 > 커피전문점 > 할리스,할리스 홍대입구역점,서울 마포구 양화로 151
230,126.924469326003,37.5587236387955,21459539,서울 마포구 동교동 154-25,CE7,카페,음식점 > 카페 > 커피전문점,커피짱,서울 마포구 양화로19길 22-16
231,126.918607875358,37.5534723352988,27416913,서울 마포구 서교동 374-20,CE7,카페,음식점 > 카페 > 커피전문점 > 스타벅스,스타벅스 서교동사거리,서울 마포구 양화로 105
232,126.919993980608,37.5568646370831,20705154,서울 마포구 동교동 205-6,CE7,카페,음식점 > 카페 > 커피전문점 > 스타벅스,스타벅스 동교점,서울 마포구 월드컵북로 22
233,126.93101946137725,37.55571741567603,15796728,서울 마포구 동교동 184-12,CE7,카페,음식점 > 카페 > 커피전문점,아메노히커피점,서울 마포구 와우산로 168
234,126.921236641468,37.5590206575089,160457612,서울 마포구 동교동 204-3,CE7,카페,음식점 > 카페 > 커피전문점,PIT COFFEE,서울 마포구 월드컵북로6길 52
235,126.922671603267,37.5547797111847,1351720419,서울 마포구 동교동 163-11,CE7,카페,음식점 > 카페 > 커피전문점 > 투썸플레이스,투썸플레이스 홍대걷고싶은거리점,서울 마포구 어울마당로 109
236,126.923309189325,37.5554684891094,10822488,서울 마포구 동교동 163-12,CE7,카페,음식점 > 카페 > 커피전문점 > 커피빈,커피빈 홍대역점,서울 마포구 홍익로6길 26
237,126.9227598143844,37.55484103675499,1862778678,서울 마포구 동교동 163-7,CE7,카페,음식점 > 카페 > 커피전문점 > 할리스,할리스 홍대역점,서울 마포구 어울마당로 111
238,126.934699199575,37.5551906225976,1132693025,서울 마포구 노고산동 54-1,CE7,카페,음식점 > 카페 > 커피전문점 > 스타벅스,스타벅스 신촌오거리점,서울 마포구 신촌로16길 10
239,126.91340049045,37.5508989849269,288597324,서울 마포구 서교동 490,CE7,카페,음식점 > 카페 > 커피전문점 > 스타벅스,스타벅스 합정폴리스R점,서울 마포구 양화로 45
240,126.925272420152,37.5569293636288,13324257,서울 마포구 동교동 168-3,CE7,카페,음식점 > 카페 > 커피전문점,커피와사람들 홍대점,서울 마포구 홍익로6길 74
241,126.924168013515,37.5567448560452,1485627824,서울 마포구 동교동 165-1,CE7,카페,음식점 > 카페 > 커피전문점 > 스타벅스,스타벅스 홍대역8번출구점,서울 마포구 양화로 166
242,126.918842198641,37.5544599900023,1766240208,서울 마포구 서교동 375-2,CE7,카페,음식점 > 카페 > 커피전문점,카페아벨롭,서울 마포구 양화로15안길 6
243,126.930461366924,37.5558765648485,67926579,서울 마포구 동교동 189-2,CE7,카페,음식점 > 카페 > 커피전문점,헤이쥬드,서울 마포구 와우산로37길 7
244,126.926491657309,37.5577392244478,738918577,서울 마포구 동교동 190-1,CE7,카페,음식점 > 카페 > 커피전문점 > 폴바셋,폴바셋 AK플라자 홍대,서울 마포구 양화로 188
245,126.92531340793,37.5566843183141,9362425,서울 마포구 동교동 169-17,CE7,카페,음식점 > 카페 > 커피전문점,위드커피,서울 마포구 양화로18안길 12
246,126.92168717475867,37.55569807976773,1206698300,서울 마포구 동교동 160-5,CE7,카페,음식점 > 카페 > 커피전문점 > 엔제리너스,엔제리너스 L7홍대점,서울 마포구 양화로 141
247,126.921374858366,37.5524254487892,27432903,서울 마포구 서교동 369-5,CE7,카페,음식점 > 카페 > 커피전문점 > 메가MGC커피,메가MGC커피 홍대점,서울 마포구 잔다리로6길 39
248,126.9115330842862,37.55486379271522,23700933,서울 마포구 서교동 476-21,CE7,카페,음식점 > 카페 > 커피전문점 > 투썸플레이스,투썸플레이스 망원역점,서울 마포구 월드컵로 62
249,126.92498284622,37.5567742084775,1761416043,서울 마포구 동교동 168-4,CE7,카페,음식점 > 카페 > 커피전문점 > 커피빈,커피빈 홍대역8번출구점,서울 마포구 양화로18안길 7
250,126.915060893207,37.5516750493151,24065719,서울 마포구 서교동 391-5,FD6,음식점,"음식점 > 일식 > 돈까스,우동",우동카덴 합정점,서울 마포구 양화로7안길 2-1
251,126.916195926392,37.554741054656375,1351221007,서울 마포구 서교동 465-1,FD6,음식점,"음식점 > 일식 > 돈까스,우동",카와카츠,서울 마포구 동교로 126
252,126.926730635869,37.5564040951311,18742750,서울 마포구 서교동 330-19,FD6,음식점,음식점 > 일식 > 일본식라면,부탄츄 홍대점,서울 마포구 와우산로35길 75
253,126.921418812785,37.5536760629849,12887413,서울 마포구 서교동 355-25,FD6,음식점,음식점 > 일식 > 일본식라면,멘야산다이메 홍대점,서울 마포구 홍익로5안길 24
254,126.914140232291,37.5531916638114,1534943798,서울 마포구 서교동 381-22,FD6,음식점,음식점 > 일식 > 일본식라면,담택,서울 마포구 월드컵로8길 34
255,126.91681307488044,37.54932649356856,1936164361,서울 마포구 서교동 395-36,FD6,음식점,음식점 > 일식 > 일식집,히츠지야 한국본점,서울 마포구 독막로3길 21
256,126.92047197718551,37.55649194715678,18046756,서울 마포구 동교동 206-2,FD6,음식점,음식점 > 일식 > 일식집,삿뽀로 홍대점,서울 마포구 월드컵북로 14
257,126.927397054251,37.555424221641,138967530,서울 마포구 서교동 334-23,FD6,음식점,음식점 > 일식,스아게K,서울 마포구 와우산로29라길 7
258,126.920962389879,37.5486445850724,1426286680,서울 마포구 서교동 411-12,FD6,음식점,음식점 > 일식,소코아 홍대점,서울 마포구 와우산로15길 49
259,126.923952449501,37.5594945603381,1029469924,서울 마포구 동교동 152-18,FD6,음식점,음식점 > 일식,쿠시노주방,서울 마포구 동교로 218-1
260,126.924628003755,37.5540025143306,1719380793,서울 마포구 서교동 342-16,FD6,음식점,음식점 > 일식 > 일본식라면,이츠모라멘,서울 마포구 와우산로23길 18-7
261,126.91685707182,37.5525061468233,865404969,서울 마포구 서교동 379-13,FD6,음식점,음식점 > 일식 > 일본식라면,멘야하나비 합정점,서울 마포구 잔다리로7안길 14
262,126.920009649629,37.5549112854447,26814599,서울 마포구 서교동 352-16,FD6,음식점,"음식점 > 일식 > 초밥,롤",여우골 홍대서교점,서울 마포구 월드컵북로1길 20
263,126.924481549594,37.5533401874318,268235810,서울 마포구 서교동 344-9,FD6,음식점,음식점 > 일식 > 일본식라면,츠케루,서울 마포구 와우산로23길 9
264,126.921161384921,37.5574024166674,1229127559,서울 마포구 동교동 201-41,FD6,음식점,음식점 > 일식,고쿠텐 홍대점,서울 마포구 월드컵북로4길 26
265,126.92016459251568,37.54970362245798,1570017396,서울 마포구 서교동 404-14,FD6,음식점,음식점 > 일식,카레시,서울 마포구 독막로9길 31
266,126.916388147952,37.5548943605055,120900052,서울 마포구 서교동 465-2,FD6,음식점,음식점 > 일식 > 일본식라면,멘야준,서울 마포구 동교로 128
267,126.922053645264,37.5526421383237,22895023,서울 마포구 서교동 358-49,FD6,음식점,"음식점 > 일식 > 돈까스,우동",혼가츠,서울 마포구 와우산로21길 36-6
268,126.92340986191,37.5599420050124,1041840511,서울 마포구 동교동 197-40,FD6,음식점,음식점 > 일식,온미동 연남점,서울 마포구 월드컵북로4길 95
269,126.91642930454746,37.55452317866892,19176980,서울 마포구 서교동 465-11,FD6,음식점,"음식점 > 일식 > 초밥,롤",박용석스시 2호점,서울 마포구 잔다리로 78
270,126.923021742321,37.5576559234122,234865859,서울 마포구 동교동 158-25,FD6,음식점,"음식점 > 일식 > 초밥,롤",스시엔준,서울 마포구 동교로 198
271,126.921482387583,37.5491711150725,27281186,서울 마포구 서교동 409-14,FD6,음식점,"음식점 > 일식 > 초밥,롤",은행골 홍대점,서울 마포구 와우산로15길 34
272,126.912400864,37.5541130077847,736634882,서울 마포구 서교동 480-6,FD6,음식점,음식점 > 일식,기요한,서울 마포구 동교로12길 3
273,126.92229710425477,37.55904181280863,933966017,서울 마포구 동교동 204-22,FD6,음식점,음식점 > 일식 > 참치회,키움참치 홍대점,서울 마포구 동교로27길 21
274,126.920704664792,37.5569191763429,149004083,서울 마포구 동교동 201-14,FD6,음식점,"음식점 > 일식 > 초밥,롤",최우영식당 홍대점,서울 마포구 월드컵북로4길 12
275,126.926940066612,37.5551860764204,27224287,서울 마포구 서교동 333-11,FD6,음식점,음식점 > 일식,소년식당 홍대본점,서울 마포구 와우산로29라길 16
276,126.91603005765414,37.55430034901722,26586099,서울 마포구 서교동 466-5,FD6,음식점,"음식점 > 일식 > 초밥,롤",키움초밥 1호점,서울 마포구 잔다리로 77
277,126.919917003158,37.5484204330858,2067674889,서울 마포구 서교동 402-24,FD6,음식점,"음식점 > 일식 > 돈까스,우동",고베규카츠 상수점,서울 마포구 양화로6길 103
278,126.92331931041,37.5544269425586,2082767876,서울 마포구 서교동 345-26,FD6,음식점,음식점 > 일식 > 참치회,서교참치,서울 마포구 와우산로23길 35-3
279,126.920653444333,37.5497219719347,1301543404,서울 마포구 서교동 403-6,FD6,음식점,음식점 > 일식,카츠미 홍대본점,서울 마포구 어울마당로 51
280,126.918980103803,37.5525211376372,13272618,서울 마포구 서교동 372-5,FD6,음식점,음식점 > 일식 > 참치회,참치가 서교본점,서울 마포구 양화로 100-10
281,126.9284069215246,37.555046419343256,491500586,서울 마포구 서교동 335-4,FD6,음식점,음식점 > 일식,토모토카레 홍대점,서울 마포구 와우산로29길 27
282,126.92371027467446,37.55502545818786,21410533,서울 마포구 서교동 346-36,FD6,음식점,음식점 > 일식,하카타나카,서울 마포구 와우산로23길 50
283,126.92460117562,37.558165104938,27108530,서울 마포구 동교동 155-20,FD6,음식점,음식점 > 일식,오모테나시,서울 마포구 월드컵북로2길 82
284,126.92189115864,37.5543539266276,695870808,서울 마포구 서교동 356-4,FD6,음식점,음식점 > 일식,에도마에텐동하마다 본점,서울 마포구 홍익로 25
285,126.9172206545457,37.54915559031915,24355770,서울 마포구 서교동 396-28,FD6,음식점,"음식점 > 일식 > 초밥,롤",물고기초밥,서울 마포구 독막로3길 24-6
286,126.91641121718,37.5545051459148,20110358,서울 마포구 서교동 465-11,FD6,음식점,"음식점 > 일식 > 돈까스,우동",서교밥집,서울 마포구 잔다리로 78
287,126.929171955098,37.5550612967006,21129871,서울 마포구 서교동 327-20,FD6,음식점,"음식점 > 일식 > 돈까스,우동",고토히라우동,서울 마포구 와우산로29길 14-8
288,126.922505224188,37.553702008954,21236051,서울 마포구 서교동 358-8,FD6,음식점,"음식점 > 일식 > 초밥,롤 > 스시오",스시오 홍대점,서울 마포구 어울마당로 100-6
289,126.92111119017,37.55348484634,1217230294,서울 마포구 서교동 355-5,FD6,음식점,음식점 > 양식 > 이탈리안,홍대인파스타,서울 마포구 홍익로5안길 32
290,126.915602703838,37.5488967594368,16050660,서울 마포구 합정동 413-2,FD6,음식점,음식점 > 양식 > 이탈리안,스파카나폴리,서울 마포구 양화로6길 28
291,126.91666489775,37.5462161420141,926080103,서울 마포구 합정동 361-20,FD6,음식점,음식점 > 양식 > 이탈리안,몰토베네,서울 마포구 성지3길 67
292,126.92263640151404,37.55379940272637,1894886625,서울 마포구 서교동 358-70,FD6,음식점,음식점 > 양식 > 이탈리안,스파게티스토리 홍대점,서울 마포구 어울마당로 100-3
293,126.925099693068,37.548582410034,1680075315,서울 마포구 상수동 94-6,FD6,음식점,음식점 > 양식 > 이탈리안,플레이트946,서울 마포구 독막로19길 20-6
294,126.921288265113,37.5486772386944,27468317,서울 마포구 상수동 313-1,FD6,음식점,음식점 > 양식 > 이탈리안,수지앤파스타,서울 마포구 독막로15길 3-18
295,126.924051555433,37.5532885547598,1680046810,서울 마포구 서교동 344-15,FD6,음식점,음식점 > 양식 > 이탈리안 > 롤링파스타,롤링파스타 홍대점,서울 마포구 홍익로 6
296,126.923953642594,37.5494105960629,1572709027,서울 마포구 상수동 88-15,FD6,음식점,음식점 > 양식 > 이탈리안,살로또상수,서울 마포구 독막로19길 42-12
297,126.917970313843,37.5486857923205,18960396,서울 마포구 서교동 399-24,FD6,음식점,음식점 > 양식 > 이탈리안,키친485,서울 마포구 양화로6길 67
298,126.921207569805,37.5522343257204,27197796,서울 마포구 서교동 366-1,FD6,음식점,음식점 > 양식 > 이탈리안,안녕파스타씨,서울 마포구 잔다리로6길 36
299,126.91845333429828,37.54989526667136,24407179,서울 마포구 서교동 398-5,FD6,음식점,음식점 > 양식 > 이탈리안,로로11,서울 마포구 어울마당로5길 42
300,126.91926267912712,37.55074456314453,27478290,서울 마포구 서교동 395-115,FD6,음식점,음식점 > 양식 > 이탈리안,219,서울 마포구 잔다리로3안길 16
301,126.920650004261,37.5572362906251,27239573,서울 마포구 동교동 203-19,FD6,음식점,음식점 > 양식 > 이탈리안,씨푸드살롱마레스타,서울 마포구 월드컵북로4길 15
302,126.92131567806,37.5484357893723,25589312,서울 마포구 상수동 314-3,FD6,음식점,음식점 > 양식 > 이탈리안,츄리츄리,서울 마포구 독막로15길 3-13
303,126.9231286702393,37.55933184743969,1101488015,서울 마포구 동교동 198-5,FD6,음식점,음식점 > 양식 > 이탈리안,광야,서울 마포구 월드컵북로4길 82
304,126.916911288026,37.5485228721489,27585975,서울 마포구 합정동 412-27,FD6,음식점,음식점 > 양식 > 이탈리안,비볼리,서울 마포구 독막로 31-3
305,126.925721612649,37.5604651591085,1232449233,서울 마포구 동교동 113-25,FD6,음식점,음식점 > 양식 > 이탈리안,연남취향,서울 마포구 연희로1길 36
306,126.925777129962,37.5592650663205,969585225,서울 마포구 동교동 147-48,FD6,음식점,음식점 > 양식 > 이탈리안,비스트로연남,서울 마포구 양화로23길 10-10
307,126.928064022241,37.5585637042066,15673110,서울 서대문구 창천동 508-2,FD6,음식점,음식점 > 양식 > 이탈리안,구씨네부엌,서울 서대문구 신촌로 9
308,126.92426022445488,37.559566837919846,332625164,서울 마포구 동교동 152-11,FD6,음식점,음식점 > 양식 > 이탈리안,청록양식,서울 마포구 동교로 220-7
309,126.922390519017,37.5606378098085,232949674,서울 마포구 연남동 567-34,FD6,음식점,음식점 > 양식 > 이탈리안,파델라,서울 마포구 연남로1길 11
310,126.923695720297,37.5537604481538,1056158711,서울 마포구 서교동 486,FD6,음식점,음식점 > 양식 > 이탈리안,봉대박 파스타&찜닭 홍대점,서울 마포구 홍익로 10
311,126.92689060150528,37.55484727073469,475964938,서울 마포구 서교동 334-18,FD6,음식점,음식점 > 양식 > 이탈리안,이플로네의하루,서울 마포구 와우산로29라길 21
312,126.92084957751196,37.54831294206314,11932059,서울 마포구 상수동 316-12,FD6,음식점,음식점 > 양식 > 이탈리안,비스트로보이,서울 마포구 독막로 67-10
313,126.91289384752832,37.55254924049563,2056426873,서울 마포구 서교동 382-13,FD6,음식점,음식점 > 양식 > 이탈리안,카밀로라자네리아,서울 마포구 동교로12길 41
314,126.922458089555,37.5598720070142,25460027,서울 마포구 동교동 197-25,FD6,음식점,음식점 > 양식 > 이탈리안,부부드꼼뜨와,서울 마포구 월드컵북로6길 82
315,126.922248441539,37.5612161561424,1639985680,서울 마포구 연남동 566-61,FD6,음식점,음식점 > 양식 > 이탈리안,밀라노식당,서울 마포구 연남로1길 6-9
316,126.91071664472,37.5505113588763,1762709049,서울 마포구 합정동 389-14,FD6,음식점,음식점 > 양식 > 이탈리안,아우룸,서울 마포구 월드컵로5길 33-26
317,126.932757457113,37.5548507576611,1975126327,서울 마포구 노고산동 56-76,FD6,음식점,음식점 > 양식 > 이탈리안,박쉡,서울 마포구 신촌로12길 35
318,126.92541590245936,37.56285801307924,1528750244,서울 마포구 연남동 387-13,FD6,음식점,음식점 > 양식 > 이탈리안,오마,서울 마포구 동교로 262-6
319,126.921769303598,37.5604950423577,1514426694,서울 마포구 연남동 566-24,FD6,음식점,음식점 > 양식 > 이탈리안,윤성용레스토랑,서울 마포구 연남로1길 22
320,126.938435096653,37.5592471172295,26976526,서울 서대문구 창천동 2-44,FD6,음식점,음식점 > 양식 > 이탈리안,라구식당,서울 서대문구 연세로 42-24
321,126.9254916378864,37.56182011305365,1506305363,서울 마포구 연남동 390-24,FD6,음식점,음식점 > 양식 > 이탈리안,연남동질리,서울 마포구 동교로38길 23
322,126.914353901225,37.5563525181757,536822316,서울 마포구 서교동 468-17,FD6,음식점,음식점 > 양식 > 이탈리안,오스테리아오라,서울 마포구 잔다리로 105
323,126.92667122981,37.5615901964702,443870758,서울 마포구 연남동 383-95,FD6,음식점,음식점 > 양식 > 이탈리안,클래식당,서울 마포구 연희로1길 65
324,126.9384451441752,37.55803978645951,1227036908,서울 서대문구 창천동 13-2,FD6,음식점,음식점 > 양식 > 이탈리안,현명식탁,서울 서대문구 명물길 32
325,126.921243241376,37.552749720304,1935629015,서울 마포구 서교동 369-42,FD6,음식점,음식점 > 양식 > 이탈리안,에이맨즈,서울 마포구 양화로16길 30-5
326,126.9180910588899,37.550030165659855,204015650,서울 마포구 서교동 397-13,FD6,음식점,음식점 > 양식 > 이탈리안,오스테리아리오,서울 마포구 어울마당로5길 50
327,126.9254136403773,37.560585698509065,1913221330,서울 마포구 연남동 381-15,FD6,음식점,음식점 > 양식 > 이탈리안,탐키친,서울 마포구 동교로32길 19
328,126.921420060099,37.5481763713096,1027062396,서울 마포구 상수동 314-7,FD6,음식점,음식점 > 양식 > 이탈리안,농담 홍대점,서울 마포구 와우산로13길 49-13
329,126.92014462588357,37.55568983859796,13623789,서울 마포구 서교동 351-27,FD6,음식점,음식점 > 양식 > 이탈리안,홍셰프비스트로펍,서울 마포구 동교로 164
330,126.921670142129,37.5557521283125,827870908,서울 마포구 동교동 160-5,FD6,음식점,음식점 > 양식 > 이탈리안 > 더플레이스,더플레이스 홍대L7점,서울 마포구 양화로 141
331,126.94698432423915,37.60759496019467,12544587,서울 서대문구 홍은동,AT4,관광명소,"여행 > 관광,명소 > 도보여행 > 둘레길 > 북한산둘레길",북한산둘레길 7구간옛성길,
332,126.93755129533662,37.580786747178536,11625245,서울 서대문구 연희동 170-181,,,"여행 > 관광,명소 > 폭포",홍제천인공폭포,
333,126.959542648447,37.5724504220421,7834307,서울 서대문구 현저동 101,,,"여행 > 관광,명소 > 문화유적 > 문",독립문,서울 서대문구 통일로 251
334,126.94816634534916,37.57542286178335,26967050,서울 서대문구 봉원동,AT4,관광명소,"여행 > 관광,명소 > 도보여행",안산자락길,
335,126.906234509821,37.5800209041095,13323781,서울 서대문구 북가좌동,,,"여행 > 관광,명소 > 하천",불광천,
336,126.94588076019748,37.57699407127241,11932689,서울 서대문구 봉원동 산 1,AT4,관광명소,"여행 > 관광,명소 > 산",안산,
337,126.938355085326,37.5794293721043,1564023713,서울 서대문구 연희동,AT4,관광명소,"여행 > 관광,명소 > 테마거리",안산벚꽃길,
338,126.952622379496,37.5963205618103,17360934,서울 서대문구 홍제동,,,"여행 > 관광,명소 > 하천",홍제천,
339,126.95662040309,37.5988088344679,10973145,서울 종로구 홍지동 산 4,,,"여행 > 관광,명소 > 문화유적 > 문",홍지문및탕춘대성,
340,126.92778880701992,37.59158858702448,25248238,서울 서대문구 홍은동 산 11-123,AT4,관광명소,"여행 > 관광,명소 > 산",백련산,
341,126.931971068775,37.5783230491623,25051187,서울 서대문구 연희동,,,"여행 > 관광,명소 > 하천",홍제천,
342,126.947132881925,37.5769036382428,8342522,서울 서대문구 홍제동 산 33-44,,,"여행 > 관광,명소 > 문화유적 > 봉수대",무악동봉수대,
343,126.9414026987084,37.57941650835176,20459875,서울 서대문구 연희동 산 2-2,AT4,관광명소,"여행 > 관광,명소 > 숲",메타세콰이어길,
344,126.945625246085,37.5578523000415,8046576,서울 서대문구 대현동,AT4,관광명소,"여행 > 관광,명소 > 테마거리 > 카페거리",이대앞사주카페거리,
345,126.943872014061,37.6017478979027,7886546,서울 서대문구 홍은동 11,,,"여행 > 관광,명소 > 등산로",백련산등산로,
346,126.938561015891,37.5657848129138,7992670,서울 서대문구 신촌동 134,,,"여행 > 관광,명소 > 동상",언더우드동상,서울 서대문구 연세로 50
347,126.9412797821669,37.560058562471205,1643208823,서울 서대문구 대신동 143-28,,,"여행 > 관광,명소",신촌 토끼굴,
348,126.95821561122096,37.57306624034099,17807689,서울 서대문구 현저동 101,,,"여행 > 관광,명소 > 문화유적",서대문독립공원 독립관,서울 서대문구 통일로 251
349,126.95647111031,37.5984952346453,721606675,서울 종로구 홍지동 99-7,,,"여행 > 관광,명소 > 도보여행 > 밤을걷는밤",밤을 걷는 밤 5화(홍제천),
350,126.94362515378,37.6047354638126,18608021,서울 서대문구 홍은동 산 1-85,AT4,관광명소,"여행 > 관광,명소 > 전망대",옛성길전망대,
351,126.928001689655,37.5715884642118,782440716,서울 서대문구 연희동 108-3,,,"여행 > 관광,명소 > 샘터,약수터",장희빈 우물,서울 서대문구 연희로15길 74
352,126.955937127239,37.5745934990155,11139996,서울 서대문구 현저동 101,,,"여행 > 관광,명소 > 문화유적",서대문형무소역사관 지하옥사,서울 서대문구 통일로 251
353,126.947141933292,37.5769108502501,11076839,서울 서대문구 봉원동 산 1,,,"여행 > 관광,명소",무악산동봉수대터,
354,126.958333038018,37.5736068787531,17556728,서울 서대문구 현저동 101,,,"여행 > 관광,명소 > 문화유적 > 탑,비석",서대문독립공원 3.1운동기념탑,서울 서대문구 통일로 251
355,126.91407071619,37.5782465047563,8162484,서울 서대문구 북가좌동 73-19,,,"여행 > 관광,명소 > 문화유적 > 탑,비석",화산군 이연신도비,서울 서대문구 증가로23다길 26-5
356,126.959035340993,37.5727710013026,7935384,서울 서대문구 현저동,,,"여행 > 관광,명소 > 동상",서재필동상,
357,126.948200143682,37.5985315380494,8157641,서울 서대문구 홍은동 9-685,,,"여행 > 관광,명소 > 하천",홍제천,서울 서대문구 포방터길 40
358,126.939087571298,37.586352984971,24167976,서울 서대문구 홍제동,AT4,관광명소,"여행 > 관광,명소 > 산",고은산,
359,126.938413734024,37.5975609748638,765123080,서울 서대문구 홍은동 164-44,,,"여행 > 관광,명소 > 고개",산골고개,
360,126.953559536872,37.5970128955619,7899705,서울 서대문구 홍은동 8,,,"여행 > 관광,명소 > 문화유적",보도각,서울 서대문구 홍지문길 1-38
361,126.942870417703,37.5594664869105,688688681,서울 서대문구 신촌동 74-21,,,"여행 > 관광,명소 > 관광안내소",신촌관광안내센터,
362,126.923441893361,37.5806207658726,25031029,서울 서대문구 남가좌동 50-3,,,"여행 > 관광,명소 > 문화유적 > 탑,비석",양호거사비,서울 서대문구 거북골로 34
363,126.944854511401,37.5593872415555,775174364,서울 서대문구 대현동 33-9,AT4,관광명소,"여행 > 관광,명소 > 테마거리",이화52번가,서울 서대문구 이화여대길 52
364,126.94572029184368,37.55788387867568,2069722398,서울 서대문구 대현동 60-11,,,"여행 > 관광,명소 > 동상",평화의소녀상,
365,126.952188327342,37.5667894215443,782755031,서울 서대문구 북아현동 1-556,,,"여행 > 관광,명소 > 문화유적",복주우물터,서울 서대문구 북아현로24길 39
366,126.946304986833,37.5758292793197,25028506,서울 서대문구 봉원동 산 1,,,"여행 > 관광,명소 > 문화유적 > 유적지",무악동봉수대지,
367,126.962595355013,37.5594131157486,1727205167,서울 서대문구 충정로3가 414,,,"여행 > 관광,명소 > 동상",민영환선생동상,
368,126.939055461254,37.5868539203637,11951790,서울 서대문구 홍제1동,AT4,관광명소,"여행 > 관광,명소 > 산",수미산,
369,126.896211243867,37.5650560057921,17360653,서울 마포구 성산동 531,,,"여행 > 관광,명소 > 광장",평화광장,서울 마포구 월드컵로 243-48
370,126.962301650028,37.5515590263545,25042489,서울 마포구 아현동 393-35,,,"여행 > 관광,명소 > 고개",만리재,
371,126.953673519856,37.544636286448,1905401953,서울 마포구 공덕동,AT4,관광명소,"여행 > 관광,명소 > 테마거리 > 먹자골목",마포전골목,
372,126.953474222473,37.5448632598916,13302628,서울 마포구 공덕동 256-10,AT4,관광명소,"여행 > 관광,명소 > 테마거리 > 먹자골목",공덕시장족발골목,서울 마포구 만리재로 19
373,126.891267503138,37.580418919781,27103887,서울 마포구 상암동 1604,,,"여행 > 관광,명소 > 광장",상암문화광장,서울 마포구 성암로 255
374,126.904516007896,37.5498433728965,11080730,서울 마포구 합정동 457-1,,,"여행 > 관광,명소 > 문화유적",망원정 터,서울 마포구 동교로8안길 23
375,126.892401498248,37.5728155695483,8329496,서울 마포구 성산동 산 53-7,AT4,관광명소,"여행 > 관광,명소 > 산",매봉산,서울 마포구 증산로 87
376,126.950678989353,37.5418023314668,27389277,서울 마포구 도화동 169-3,AT4,관광명소,"여행 > 관광,명소 > 테마거리 > 먹자골목",마포갈매기골목,
377,126.902608278753,37.5514059474095,14080198,서울 마포구 망원동 218-7,AT4,관광명소,"여행 > 관광,명소 > 도보여행",망원 초록길,
378,126.895692851699,37.5634265483231,17562775,서울 마포구 성산동,AT4,관광명소,"여행 > 관광,명소 > 호수",평화의공원 난지연못,
379,126.887545751033,37.5800009760101,23815642,서울 마포구 상암동 1715,,,"여행 > 관광,명소 > 촬영지",어벤져스2 촬영지(상암동 DMC 월드컵 북로),
380,126.891693205506,37.55851071468,25731035,서울 마포구 상암동,,,"여행 > 관광,명소 > 하천",홍제천,
381,126.874230248237,37.5757780979085,17560035,서울 마포구 상암동 478-1,AT4,관광명소,"여행 > 관광,명소 > 섬",난지도,
382,126.941201488128,37.5415853568029,12576887,서울 마포구 용강동 45-15,AT4,관광명소,"여행 > 관광,명소 > 테마거리 > 먹자골목",마포음식문화거리,
383,126.955318329675,37.5568364371917,12710990,서울 마포구 아현동,AT4,관광명소,"여행 > 관광,명소 > 테마거리 > 먹자골목",아현동전골목,
384,126.883087187954,37.5845592732708,25681614,서울 마포구 상암동 879,,,"여행 > 관광,명소 > 문화유적 > 유적지",일본군관사,서울 마포구 가양대로 189
385,126.88933951752462,37.56741397719772,1458520823,서울 마포구 상암동 481-72,,,"여행 > 관광,명소",마포구 하늘공원 해맞이명소,
386,126.914288083984,37.5663859671922,25731036,서울 마포구 성산동,,,"여행 > 관광,명소 > 하천",홍제천,
387,126.947034935066,37.5553553761251,26646505,서울 마포구 염리동 9-245,AT4,관광명소,"여행 > 관광,명소 > 테마거리",소금길,
388,126.891708760926,37.5696578503051,27015192,서울 마포구 성산동,AT4,관광명소,"여행 > 관광,명소 > 드라이브코스",난지도길,
389,126.8998302704222,37.574891690976806,27425901,서울 마포구 상암동 1178-2,,,"여행 > 관광,명소 > 광장",코스타리카광장,
390,126.883601388748,37.5626151621147,673747630,서울 마포구 상암동 482-204,AT4,관광명소,"여행 > 관광,명소 > 숲",도영숲,
391,126.924924201177,37.5565687438278,898487564,서울 마포구 동교동 169-14,FD6,음식점,음식점 > 중식,손오공마라탕,서울 마포구 양화로18길 15
392,126.923721591937,37.5550254654997,726593676,서울 마포구 서교동 346-36,FD6,음식점,음식점 > 중식 > 중국요리,별자리마라탕 홍대점,서울 마포구 와우산로23길 50
393,126.92035194006,37.5523058314883,474254018,서울 마포구 서교동 369-26,FD6,음식점,음식점 > 중식 > 중국요리,손오공마라탕 서교점,서울 마포구 잔다리로6길 23
394,126.9152854529084,37.54924431762455,92793209,서울 마포구 서교동 394-93,FD6,음식점,음식점 > 중식,타오마라탕 합정,서울 마포구 양화로6길 19
395,126.917105014292,37.5534352498621,428490451,서울 마포구 서교동 377-2,FD6,음식점,음식점 > 중식 > 중국요리,라향각마라탕,서울 마포구 잔다리로 65
396,126.92488865079042,37.55590558718752,2080240948,서울 마포구 서교동 347-24,FD6,음식점,음식점 > 중식 > 중국요리,라사천마라탕 본점,서울 마포구 어울마당로 134
397,126.923992188627,37.5560275491419,1151327128,서울 마포구 동교동 164-19,FD6,음식점,음식점 > 중식,진화쿵푸마라탕 홍대본점,서울 마포구 홍익로6길 44
398,126.922377496465,37.5524612510941,2088827518,서울 마포구 서교동 358-38,FD6,음식점,음식점 > 중식,홍대 타오마라탕,서울 마포구 와우산로21길 28
399,126.922975950898,37.5537635848072,1614690024,서울 마포구 서교동 358-104,FD6,음식점,음식점 > 중식,탕화쿵푸마라탕 홍대입구7호점,서울 마포구 홍익로 15
400,126.923672248104,37.5545821428241,79986137,서울 마포구 서교동 346-51,FD6,음식점,음식점 > 중식,신선마라탕,서울 마포구 와우산로23길 40
401,126.936204952071,37.5571979669399,804042955,서울 서대문구 창천동 57-7,FD6,음식점,음식점 > 중식 > 중국요리,천궁전마라탕,서울 서대문구 연세로5가길 3
402,126.935906296478,37.5570473386552,2027326489,서울 서대문구 창천동 57-9,FD6,음식점,음식점 > 중식,신촌 타오마라탕,서울 서대문구 연세로5나길 6
403,126.92128804823192,37.552111843678574,7965408,서울 마포구 서교동 366-13,FD6,음식점,음식점 > 중식,소고산제일루 본점,서울 마포구 잔다리로6길 40-6
404,126.923019829018,37.555115109805,2103222834,서울 마포구 동교동 163-3,FD6,음식점,음식점 > 중식 > 양꼬치,킹콩크루2020뜻밖에양꼬치,서울 마포구 어울마당로 115
405,126.92339316158302,37.547510027919344,1319989885,서울 마포구 상수동 329-2,FD6,음식점,음식점 > 중식 > 중국요리,라와마라탕,서울 마포구 독막로 90
406,126.93604343597396,37.55814122358639,25691644,서울 서대문구 창천동 52-123,FD6,음식점,음식점 > 중식,호탕마라탕 신촌점,서울 서대문구 연세로7안길 14
407,126.92462550641248,37.55648205778569,579909560,서울 마포구 동교동 164-1,FD6,음식점,음식점 > 중식,마라공방 홍대입구역직영점,서울 마포구 양화로18길 12
408,126.934131955208,37.5567580430111,2140602239,서울 서대문구 창천동 62-23,FD6,음식점,음식점 > 중식,삼미마라탕,서울 서대문구 연세로5다길 26
409,126.9229525283125,37.55452941751344,1530756997,서울 마포구 서교동 345-23,FD6,음식점,음식점 > 중식 > 양꼬치,꼬치꼬치양꼬치,서울 마포구 어울마당로 110
410,126.920386172729,37.5499128036664,27225242,서울 마포구 서교동 404-7,FD6,음식점,음식점 > 중식 > 양꼬치,항방양육관 홍대점,서울 마포구 독막로9길 37
411,126.937133103003,37.5570696221774,358845777,서울 서대문구 창천동 18-10,FD6,음식점,음식점 > 중식,신룽푸마라탕 신촌점,서울 서대문구 연세로4길 1
412,126.92245521626567,37.55390740359369,1585292621,서울 마포구 서교동 358-72,FD6,음식점,음식점 > 중식 > 중국요리 > 라화쿵부,라화쿵부 홍대점,서울 마포구 어울마당로 102
413,126.920966215769,37.550379910418,381173653,서울 마포구 서교동 405-17,FD6,음식점,음식점 > 샤브샤브,슈츄안꼬치훠궈 홍대본점,서울 마포구 어울마당로 59
414,126.92473506172254,37.56008070973092,834186828,서울 마포구 동교동 150-20,FD6,음식점,음식점 > 중식,탕화쿵푸마라탕 홍대48호점,서울 마포구 양화로23길 40
415,126.923568928619,37.5538000100464,885524856,서울 마포구 서교동 486,FD6,음식점,음식점 > 중식,신룽푸 홍대지점,서울 마포구 홍익로 10
416,126.93368320957704,37.55484857825445,166042489,서울 마포구 노고산동 54-43,FD6,음식점,음식점 > 중식 > 중국요리,신촌마라탕,서울 마포구 신촌로12다길 19
417,126.924091716064,37.5560924849789,398739548,서울 마포구 동교동 164-20,FD6,음식점,음식점 > 중식,이가 산시도삭면,서울 마포구 홍익로6길 46
418,126.913947529843,37.5514958455625,1770874787,서울 마포구 서교동 490,FD6,음식점,음식점 > 중식,마라홀릭마라탕 합정점,서울 마포구 양화로 45
419,126.924744114332,37.5600825174948,1612796061,서울 마포구 동교동 150-20,FD6,음식점,음식점 > 중식 > 중국요리,탕화쿵푸마라탕 연남점,서울 마포구 양화로23길 40
420,126.926587650865,37.5625641216819,780523213,서울 마포구 연남동 227-20,FD6,음식점,음식점 > 중식 > 양꼬치,미미램양꼬치,서울 마포구 성미산로 196
421,126.919529698347,37.5486886673207,1987845443,서울 마포구 서교동 401-4,FD6,음식점,음식점 > 중식 > 중국요리 > 마라영웅,마라영웅 홍대점,서울 마포구 독막로9길 5
422,126.939163299213,37.54893467477978,1629334425,서울 마포구 신수동 10-2,FD6,음식점,음식점 > 중식 > 중국요리,세아마라탕 서강대점,서울 마포구 백범로 68
423,126.92935742903124,37.55519835943706,2110867044,서울 마포구 서교동 327-23,FD6,음식점,음식점 > 중식 > 중국요리 > 소림마라,소림마라 마포점,서울 마포구 와우산로29길 4-40
424,126.922153490882,37.5567471490066,1220427285,서울 마포구 동교동 158-9,FD6,음식점,음식점 > 중식 > 중국요리,정원각,서울 마포구 동교로 182-3
425,126.9241670326724,37.56217966827169,1973809044,서울 마포구 연남동 258-1,FD6,음식점,음식점 > 중식 > 중국요리,춘리마라탕 연남동점,서울 마포구 동교로 249
426,126.920640374059,37.548174047874,567846338,서울 마포구 상수동 317-10,FD6,음식점,음식점 > 중식,마라1983,서울 마포구 독막로 61-6
427,126.922165813443,37.5481633502594,90715375,서울 마포구 상수동 310-11,FD6,음식점,음식점 > 중식 > 중국요리,명월루,서울 마포구 와우산로 39-21
428,126.942451104985,37.5587085448211,1899809952,서울 서대문구 대현동 110-5,FD6,음식점,음식점 > 중식,마라탕 이대6호점,서울 서대문구 신촌역로 23
429,126.926414639729,37.5554956932619,1389365685,서울 마포구 서교동 332-8,FD6,음식점,음식점 > 중식 > 중국요리,일마일라 마포점,서울 마포구 와우산로29마길 16
430,126.93540676321231,37.5588544666413,580642361,서울 서대문구 창천동 52-157,FD6,음식점,음식점 > 중식 > 중국요리,미도매운향솥,서울 서대문구 연세로11길 25
431,126.916409399425,37.5490396910117,2133701280,서울 마포구 서교동 394-14,FD6,음식점,음식점 > 중식,소홍우,서울 마포구 양화로6길 39
432,126.917120340203,37.549815050716,307032568,서울 마포구 서교동 395-69,FD6,음식점,"음식점 > 술집 > 호프,요리주점",술82,서울 마포구 독막로3길 33-3
433,126.92419851134204,37.56238962064615,1012940590,서울 마포구 연남동 255-20,FD6,음식점,음식점 > 중식 > 양꼬치,서대문양꼬치BAR,서울 마포구 동교로 251
434,126.925836781582,37.5538915560486,11230411,서울 마포구 서교동 342-4,FD6,음식점,"음식점 > 간식 > 제과,베이커리",퐁포네뜨,서울 마포구 와우산로25길 11
435,126.92444748669554,37.55345098836486,15735327,서울 마포구 서교동 344-6,FD6,음식점,"음식점 > 간식 > 제과,베이커리",단하나케이크 홍대점,서울 마포구 와우산로23길 9
436,126.931320421684,37.54964036028,987555017,서울 마포구 창전동 450,FD6,음식점,"음식점 > 간식 > 제과,베이커리",프랑제리 피어 신촌점,서울 마포구 서강로 75-16
437,126.92094381805684,37.55979892305329,149766335,서울 마포구 연남동 568-15,FD6,음식점,"음식점 > 간식 > 제과,베이커리",코코로카라,서울 마포구 연남로1길 41
438,126.93257183817656,37.554868671756864,11831384,서울 마포구 동교동 186-22,FD6,음식점,"음식점 > 간식 > 제과,베이커리",김진환제과점,서울 마포구 와우산로32길 41
439,126.921283440833,37.557568281573,17908864,서울 마포구 동교동 201-48,FD6,음식점,"음식점 > 간식 > 제과,베이커리",빵나무,서울 마포구 월드컵북로4길 30
440,126.9272688897718,37.56153290237703,1165755646,서울 서대문구 창천동 448,FD6,음식점,"음식점 > 간식 > 제과,베이커리",만동제과,서울 서대문구 연희로 32
441,126.93028767919596,37.5552322492462,1674043860,서울 마포구 서교동 326-10,FD6,음식점,"음식점 > 간식 > 제과,베이커리",유니크디저트,서울 마포구 와우산로 159
442,126.92440006972784,37.558938932735614,27456816,서울 마포구 동교동 153-3,FD6,음식점,"음식점 > 간식 > 제과,베이커리",푸하하크림빵,서울 마포구 양화로19길 22-25
443,126.91711735242647,37.554557000563584,363670536,서울 마포구 서교동 464-12,FD6,음식점,"음식점 > 간식 > 제과,베이커리",포포브레드,서울 마포구 동교로18길 13
444,126.929924403787,37.5540129844547,14556077,서울 마포구 창전동 5-80,FD6,음식점,"음식점 > 간식 > 제과,베이커리",메이비케익,서울 마포구 와우산로30길 15
445,126.91771365466312,37.54848469108599,22251516,서울 마포구 합정동 412-1,FD6,음식점,"음식점 > 간식 > 제과,베이커리",마가렛리버,서울 마포구 양화로6길 66
446,126.925600509744,37.5593262229437,349304267,서울 마포구 동교동 147-59,FD6,음식점,"음식점 > 간식 > 제과,베이커리",베어스덴베이커리,서울 마포구 양화로23길 10-9
447,126.93279792408256,37.55515711986787,25490034,서울 마포구 노고산동 54-58,FD6,음식점,"음식점 > 간식 > 제과,베이커리",더브레드블루 신촌본점,서울 마포구 신촌로12다길 3
448,126.93271830120212,37.54553261106109,19901155,서울 마포구 구수동 70-3,FD6,음식점,"음식점 > 간식 > 제과,베이커리",퍼블리크 광흥창점,서울 마포구 토정로 195
449,126.92068463815173,37.55979694723278,1254879622,서울 마포구 연남동 565-19,FD6,음식점,"음식점 > 간식 > 제과,베이커리",터틀힙,서울 마포구 연남로1길 44
450,126.919987358486,37.5503558252235,74952388,서울 마포구 서교동 395-199,FD6,음식점,"음식점 > 간식 > 제과,베이커리",벨라쿠키 본점,서울 마포구 독막로7길 57
451,126.922055888985,37.5461405356738,2070016590,서울 마포구 상수동 334-13,FD6,음식점,"음식점 > 간식 > 제과,베이커리",코운코운,서울 마포구 와우산로3길 16
452,126.923695687227,37.5537928840494,1559582886,서울 마포구 서교동 486,FD6,음식점,"음식점 > 간식 > 제과,베이커리",서교동언니네,서울 마포구 홍익로 10
453,126.921848562175,37.5496272631616,1283694575,서울 마포구 서교동 409-6,FD6,음식점,"음식점 > 간식 > 제과,베이커리",수상한베이글,서울 마포구 와우산로15길 22
454,126.92388541273878,37.55530037545101,12068956,서울 마포구 서교동 346-41,FD6,음식점,"음식점 > 간식 > 제과,베이커리",내가만든미케익 홍대점,서울 마포구 어울마당로 122
455,126.918395613234,37.5550912814525,548571054,서울 마포구 서교동 463-23,FD6,음식점,"음식점 > 간식 > 제과,베이커리",고요베이크샵,서울 마포구 동교로 144-3
456,126.92501288348846,37.557293201946585,183124871,서울 마포구 동교동 166-15,FD6,음식점,"음식점 > 간식 > 제과,베이커리 > 와플대학",와플대학 홍대캠퍼스,서울 마포구 양화로 176
457,126.92318562252458,37.54795228341305,8121857,서울 마포구 상수동 309-9,FD6,음식점,"음식점 > 간식 > 제과,베이커리 > 파리바게뜨",파리바게뜨 상수점,서울 마포구 와우산로 40
458,126.92166058935088,37.548660367327145,529125309,서울 마포구 상수동 312-6,FD6,음식점,"음식점 > 간식 > 제과,베이커리",뮤르뮤르,서울 마포구 와우산로11길 25
459,126.916973134796,37.5488770080358,1941328839,서울 마포구 서교동 396-33,FD6,음식점,"음식점 > 간식 > 제과,베이커리",너구리베이글,서울 마포구 양화로6길 49
460,126.921501748571,37.5479746019673,671282729,서울 마포구 상수동 315-6,FD6,음식점,"음식점 > 간식 > 제과,베이커리",피스오브헤븐,서울 마포구 독막로 73
461,126.926281192552,37.5530989563297,1616141932,서울 마포구 창전동 6-177,FD6,음식점,"음식점 > 간식 > 제과,베이커리",테일샵,서울 마포구 와우산로 116
462,126.916541099571,37.549668681005,531359897,서울 마포구 서교동 395-200,FD6,음식점,"음식점 > 간식 > 제과,베이커리",395빵집,서울 마포구 양화로8길 25-3
463,126.92458910785705,37.55890932072822,152847326,서울 마포구 동교동 154-27,FD6,음식점,"음식점 > 간식 > 제과,베이커리",크레미뇽,서울 마포구 양화로19길 22-20
464,126.92402213765496,37.55997033150569,1091899376,서울 마포구 동교동 152-1,FD6,음식점,"음식점 > 간식 > 제과,베이커리",버터베이커리,서울 마포구 동교로 226
465,126.924472523465,37.5555557347446,232717751,서울 마포구 서교동 346-18,FD6,음식점,"음식점 > 간식 > 제과,베이커리",필로베이커리,서울 마포구 홍익로2길 27-22
466,126.919585042823,37.5498401809294,940579521,서울 마포구 서교동 395,FD6,음식점,"음식점 > 간식 > 제과,베이커리",케이크예스플리즈,서울 마포구 독막로7길 45
467,126.91562027792412,37.5614134283827,7855455,서울 마포구 성산동 114-5,FD6,음식점,"음식점 > 간식 > 제과,베이커리",리치몬드과자점 성산본점,서울 마포구 월드컵북로 86
468,126.923693455046,37.5537622486853,67765586,서울 마포구 서교동 486,FD6,음식점,"음식점 > 간식 > 제과,베이커리 > 뚜레쥬르",뚜레쥬르 마포홍대점,서울 마포구 홍익로 10
469,126.91507421355264,37.54591948108207,1699002931,서울 마포구 합정동 368-7,FD6,음식점,"음식점 > 간식 > 제과,베이커리",츄이구이브레드,서울 마포구 토정로3안길 18
470,126.926034562537,37.5461466988897,26825578,서울 마포구 상수동 402,FD6,음식점,"음식점 > 간식 > 제과,베이커리 > 뚜레쥬르",뚜레쥬르 마포밤섬점,서울 마포구 독막로20나길 22
471,126.923839550703,37.550322332801,1191758167,서울 마포구 상수동 86-48,FD6,음식점,"음식점 > 간식 > 제과,베이커리",로멘토케이크,서울 마포구 와우산로14길 16
472,126.92960678908452,37.55479486146822,280609846,서울 마포구 서교동 327-38,FD6,음식점,"음식점 > 간식 > 제과,베이커리",로지네,서울 마포구 와우산로29길 4-6
473,126.915940372535,37.5505187971911,1690789157,서울 마포구 서교동 395-46,FD6,음식점,"음식점 > 간식 > 제과,베이커리",라망베이커리,서울 마포구 양화로8길 5
474,126.93274106233916,37.55546342664262,1271049597,서울 마포구 노고산동 54-76,FD6,음식점,"음식점 > 간식 > 제과,베이커리",준삐삐,서울 마포구 신촌로12길 19
475,126.925707694569,37.560803925094,1963942486,서울 마포구 연남동 381-6,FD6,음식점,"음식점 > 간식 > 제과,베이커리",리틀빅토리,서울 마포구 연희로1길 41
476,126.919510900416,37.5472272348441,357984506,서울 마포구 합정동 356-1,FD6,음식점,"음식점 > 간식 > 제과,베이커리",럭키니키케이키,서울 마포구 어울마당로 21
477,126.928449528675,37.5578305268623,1875051104,서울 마포구 동교동 174-3,FD6,음식점,"음식점 > 간식 > 제과,베이커리",공룡빵공장,서울 마포구 신촌로 20
478,126.924553199237,37.5608482428255,851863430,서울 마포구 연남동 260-52,FD6,음식점,음식점 > 양식,연남동느루,서울 마포구 동교로32길 3
479,126.925399176717,37.5569294437856,701185756,서울 마포구 동교동 168,,,"가정,생활 > 미용 > 메이크업",뷰티하우스느루,서울 마포구 양화로18안길 15
480,126.933511757956,37.556754091405,164265405,서울 서대문구 창천동 72-24,FD6,음식점,"음식점 > 술집 > 호프,요리주점",살롱드느루,서울 서대문구 신촌로 61-6
481,126.924006340425,37.5510071988729,937023459,서울 마포구 서교동 360-18,,,"문화,예술 > 사진 > 사진관,포토스튜디오",공간느루,서울 마포구 와우산로18길 20
482,126.924552986639,37.5610590758941,1629395786,서울 마포구 연남동 260-31,FD6,음식점,음식점 > 양식 > 피자,뉴오더클럽,서울 마포구 동교로34길 3
483,126.923611580691,37.565231885238,607192266,서울 마포구 연남동 240-2,FD6,음식점,"음식점 > 양식 > 멕시칸,브라질",갓잇 연남점,서울 마포구 성미산로 161-13
484,126.92580901460131,37.56135179473061,1900893477,서울 마포구 연남동 390-42,FD6,음식점,음식점 > 양식,슬로우캘리 연남본점,서울 마포구 동교로38길 35
485,126.92543970172788,37.56282739423665,1146767160,서울 마포구 연남동 387-13,FD6,음식점,"음식점 > 양식 > 멕시칸,브라질",베르데,서울 마포구 동교로 262-6
486,126.925924064371,37.5617519094233,490712494,서울 마포구 연남동 390-32,FD6,음식점,음식점 > 양식,유니의우아한식탁,서울 마포구 동교로38길 27-8
487,126.926204551543,37.5619611162527,166864436,서울 마포구 연남동 383-44,FD6,음식점,음식점 > 양식,다옴383,서울 마포구 동교로38길 27-14
488,126.925796388162,37.5626708455913,644643256,서울 마포구 연남동 387-8,FD6,음식점,음식점 > 양식,오늘그대와 연남점,서울 마포구 동교로 262-13
489,126.92416729750686,37.5619183794769,223022276,서울 마포구 연남동 258-5,FD6,음식점,음식점 > 양식 > 피자,랫댓 연남점,서울 마포구 동교로 243-4
490,126.92357858001144,37.56208017923789,668213144,서울 마포구 연남동 257-8,FD6,음식점,음식점 > 양식,알척,서울 마포구 성미산로26길 43
491,126.926852202103,37.5617128442552,940180095,서울 마포구 연남동 383-93,FD6,음식점,음식점 > 양식 > 햄버거,제스티살룬 연남,서울 마포구 연희로 31
492,126.9246508099202,37.56282328941336,1137259132,서울 마포구 연남동 229-56,FD6,음식점,음식점 > 양식,빠레뜨한남 연남점,서울 마포구 동교로 257
493,126.924827980531,37.5622233387745,748126921,서울 마포구 연남동 390-68,FD6,음식점,음식점 > 양식,비스트로가마,서울 마포구 동교로38안길 10
494,126.9253444821334,37.56183804002488,1071904779,서울 마포구 연남동 390-3,FD6,음식점,음식점 > 양식,여덟,서울 마포구 동교로38길 22
495,126.926095351068,37.5625124577519,1943501077,서울 마포구 연남동 227-31,FD6,음식점,음식점 > 양식,위아소울메이트,서울 마포구 성미산로 190-11
496,126.920476150941,37.5653433404023,1114171690,서울 마포구 연남동 246-4,FD6,음식점,음식점 > 양식,르빵드파리&브런치하우스,서울 마포구 성미산로23길 46
497,126.925895925994,37.5627357798453,966908217,서울 마포구 연남동 387-7,FD6,음식점,음식점 > 양식 > 피자,윌슨피자,서울 마포구 성미산로 190-8
498,126.92471225829,37.5647460544366,19033847,서울 마포구 연남동 223-111,FD6,음식점,음식점 > 양식 > 이탈리안,티앤제인,서울 마포구 성미산로 165-6
499,126.926389891736,37.5622459468252,27343731,서울 마포구 연남동 385-1,FD6,음식점,음식점 > 양식 > 이탈리안,이관우파스타,서울 마포구 동교로46길 29
500,126.926059449202,37.5621916805567,1156253934,서울 마포구 연남동 384-3,FD6,음식점,음식점 > 양식,퍼밀,서울 마포구 동교로46길 26
501,126.92545797026932,37.561531772923736,1914067588,서울 마포구 연남동 382-27,FD6,음식점,음식점 > 양식 > 이탈리안,봄띠,서울 마포구 동교로38길 30
502,126.92709858931858,37.56207339523575,27440353,서울 마포구 연남동 227-37,FD6,음식점,"음식점 > 양식 > 멕시칸,브라질",연남오락실,서울 마포구 연희로 37
503,126.92537674751972,37.56353193354151,1485788869,서울 마포구 연남동 229-67,FD6,음식점,음식점 > 양식 > 피자,아노브피자 연남점,서울 마포구 동교로 267
504,126.926365174027,37.562060326148,968735144,서울 마포구 연남동 384-8,FD6,음식점,음식점 > 양식,계담다,서울 마포구 동교로38길 33-20
505,126.92636134726172,37.561348536530176,28668288,서울 마포구 연남동 383-23,FD6,음식점,음식점 > 양식,카멜로연남,서울 마포구 연희로1길 57
506,126.922017629883,37.5654831220153,1254127144,서울 마포구 연남동 241-48,FD6,음식점,음식점 > 양식,쥬벤쿠바 연남,서울 마포구 성미산로29길 34
507,126.925593430815,37.5618922569663,779711057,서울 마포구 연남동 390-23,FD6,음식점,음식점 > 양식 > 피자,플롭 연남,서울 마포구 동교로38길 27-9
508,126.926885357823,37.5636887497776,214684112,서울 마포구 연남동 224-5,FD6,음식점,음식점 > 양식,위샐러듀 다이닝,서울 마포구 동교로52길 10-7
509,126.926552286409,37.5616937371346,1994358695,서울 마포구 연남동 383-96,FD6,음식점,음식점 > 양식,헤이죠지,서울 마포구 동교로46길 42-24
510,126.925793183392,37.5613373688367,1920255869,서울 마포구 연남동 390-42,FD6,음식점,음식점 > 양식,수부니흐,서울 마포구 동교로38길 35
511,126.92404966945485,37.56183721418549,556349569,서울 마포구 연남동 258-10,FD6,음식점,음식점 > 양식 > 피자,백스트리트피자,서울 마포구 동교로 245
512,126.9169171174168,37.56671671002696,1908121915,서울 마포구 연남동 487-424,FD6,음식점,음식점 > 양식 > 피자,문일리,서울 마포구 연남로13길 9
513,126.919983848195,37.5663395091564,260492980,서울 마포구 연남동 454-12,FD6,음식점,음식점 > 양식,젠틀키친,서울 마포구 동교로51길 129-4
514,126.92509959930848,37.56224513531539,513056953,서울 마포구 연남동 390-98,FD6,음식점,음식점 > 양식,가스트로스페인,서울 마포구 동교로38안길 18
515,126.925725667636,37.560940887888,2036858666,서울 마포구 연남동 382-2,FD6,음식점,음식점 > 양식,서양면옥 연남,서울 마포구 연희로1길 43
516,126.924634764451,37.5652685826626,1346842263,서울 마포구 연남동 223-26,FD6,음식점,음식점 > 양식,풀스트릿,서울 마포구 동교로51안길 16
517,126.92450722848,37.5615401788009,1221938697,서울 마포구 연남동 260-60,FD6,음식점,음식점 > 양식 > 이탈리안,비스트로오라,서울 마포구 동교로 244
518,126.926250451806,37.5613250414015,1707839290,서울 마포구 연남동 383-72,FD6,음식점,음식점 > 양식,해브,서울 마포구 연희로1길 55
519,126.92583634916542,37.56232128410802,544262752,서울 마포구 연남동 385-12,FD6,음식점,음식점 > 양식 > 이탈리안,문,서울 마포구 동교로46길 21
520,126.92333846634138,37.55340342164401,19182865,서울 마포구 서교동 358-151,CE7,카페,"가정,생활 > 여가시설 > 보드카페",보드놀이터,서울 마포구 홍익로 9-1
521,126.92184598443768,37.55209599632931,13623634,서울 마포구 서교동 364-22,CE7,카페,"가정,생활 > 여가시설 > 보드카페",히어로보드게임카페 홍대1호점,서울 마포구 와우산로21길 31-10
522,126.922613551217,37.5540084192114,953386352,서울 마포구 서교동 358-1,CE7,카페,"가정,생활 > 여가시설 > 보드카페",레드버튼 홍대점,서울 마포구 홍익로 19
523,126.92069987140115,37.551830338761405,1748850413,서울 마포구 서교동 366-7,CE7,카페,"가정,생활 > 여가시설 > 보드카페",플레이보드 홍대2호점,서울 마포구 잔다리로6길 20-9
524,126.92270270334448,37.55534916196303,205320302,서울 마포구 동교동 162-3,CE7,카페,"가정,생활 > 여가시설 > 보드카페",히어로보드게임카페 홍대2호점,서울 마포구 홍익로6길 15
525,126.9200547343,37.5508460138583,1797709079,서울 마포구 서교동 395-91,CE7,카페,"가정,생활 > 여가시설 > 보드카페",메이드보드게임카페,서울 마포구 잔다리로 25
526,126.922058874058,37.5541414020202,1493237095,서울 마포구 서교동 356-3,CE7,카페,"가정,생활 > 여가시설 > 보드카페",보드게임카페 홈즈앤루팡 홍대점,서울 마포구 홍익로3길 8
527,126.923358385336,37.5549495465089,32375674,서울 마포구 서교동 345-6,CE7,카페,"가정,생활 > 여가시설 > 보드카페",데블다이스 보드게임카페 홍대점,서울 마포구 어울마당로 116
528,126.920986288615,37.5517332229897,2138696750,서울 마포구 서교동 366-24,CE7,카페,"가정,생활 > 여가시설 > 보드카페",더조커,서울 마포구 잔다리로2길 19
529,126.919056187794,37.5491406448805,1164881726,서울 마포구 서교동 400-3,CE7,카페,"가정,생활 > 여가시설 > 보드카페",에이스보드카페,서울 마포구 독막로7길 27
530,126.922932640254,37.5518624511108,578409420,서울 마포구 서교동 362-15,CE7,카페,"가정,생활 > 여가시설 > 보드카페",캐슬에이 홀덤펍,서울 마포구 와우산로21길 19-11
531,126.923114375754,37.5556197299792,928674039,서울 마포구 동교동 162-10,CE7,카페,"가정,생활 > 여가시설 > 보드카페",레끄레오 보드게임카페,서울 마포구 홍익로6길 27
532,126.92156608081,37.5513768143316,2129451774,서울 마포구 서교동 364-15,CE7,카페,"가정,생활 > 여가시설 > 보드카페",보드팩토리,서울 마포구 어울마당로 70
533,126.917426992209,37.5488115534063,1539188192,서울 마포구 서교동 396-36,CE7,카페,"가정,생활 > 여가시설 > 보드카페",크라임씬카페 코티지가든,서울 마포구 양화로6길 57
534,126.93713158887188,37.5561776340198,1520672825,서울 서대문구 창천동 18-31,CE7,카페,"가정,생활 > 여가시설 > 보드카페",레드버튼 신촌점,서울 서대문구 연세로 8
535,126.920869752594,37.5506375312911,27503326,서울 마포구 서교동 405-3,CE7,카페,"가정,생활 > 여가시설 > 보드카페",친구네놀이터,서울 마포구 잔다리로 19
536,126.922287992741,37.5536478063183,27432787,서울 마포구 서교동 358-67,CE7,카페,"가정,생활 > 여가시설 > 보드카페",슈퍼보드 홍대점,서울 마포구 어울마당로 98
537,126.921799223707,37.5502759492492,1682136811,서울 마포구 서교동 407-17,CE7,카페,"가정,생활 > 여가시설 > 보드카페",네가오길기다려(NEO),서울 마포구 와우산로17길 22
538,126.9215129684058,37.54806651127886,1963237992,서울 마포구 상수동 315-7,CE7,카페,"가정,생활 > 여가시설 > 보드카페",혼자놀다가게,서울 마포구 와우산로13길 49-15
539,126.916754301364,37.5553667418866,242934803,서울 마포구 서교동 461-2,CE7,카페,"가정,생활 > 여가시설 > 보드카페",카페깔깔고블린,서울 마포구 동교로17안길 10
540,126.923458998284,37.5550577314748,25161316,서울 마포구 서교동 345-2,CE7,카페,"가정,생활 > 여가시설 > 보드카페",보드스쿨 홍대점,서울 마포구 어울마당로 118
541,126.924918382246,37.5589843133212,1427819259,서울 마포구 동교동 154-2,CE7,카페,"가정,생활 > 여가시설 > 보드카페",빌보드게임카페,서울 마포구 양화로21길 17
542,126.93720137441,37.5566335758204,1280112931,서울 서대문구 창천동 18-21,CE7,카페,"가정,생활 > 여가시설 > 보드카페",보드게임카페홈즈앤루팡 신촌점,서울 서대문구 연세로 12
543,126.925924774434,37.5610347166227,1623819755,서울 마포구 연남동 383-38,CE7,카페,"가정,생활 > 여가시설 > 보드카페",옐로우미플,서울 마포구 연희로1길 45
544,126.922954890188,37.5566323470176,1069305489,서울 마포구 동교동 159-6,CE7,카페,"가정,생활 > 여가시설 > 보드카페",302호보드게임,서울 마포구 양화로 157
545,126.936100971775,37.5570321272192,1653896730,서울 서대문구 창천동 57-8,CE7,카페,"가정,생활 > 여가시설 > 보드카페",데블다이스 보드게임카페 신촌점,서울 서대문구 연세로5가길 1
546,126.92135449681,37.5502630399028,590125213,서울 마포구 서교동 407-20,CE7,카페,"가정,생활 > 여가시설 > 보드카페",순애네놀이터,서울 마포구 어울마당로 58-1
547,126.917808525771,37.5517454697197,27600013,서울 마포구 서교동 395-138,CE7,카페,"가정,생활 > 여가시설 > 보드카페",모두다,서울 마포구 양화로12길 8-5
548,126.937943686926,37.5581386336446,1968719466,서울 서대문구 창천동 31-80,CE7,카페,"가정,생활 > 여가시설 > 보드카페",히어로보드게임카페 신촌점,서울 서대문구 명물길 23
549,126.935110056722,37.5564504435283,1762106314,서울 서대문구 창천동 62-63,CE7,카페,"가정,생활 > 여가시설 > 보드카페",잭홀덤보드카페,서울 서대문구 연세로5다길 8
550,126.930368345527,37.5548953237689,1509771693,서울 마포구 서교동 325-26,CE7,카페,"가정,생활 > 여가시설 > 보드카페",호호보드카페,서울 마포구 와우산로 156
551,126.937404522804,37.5573112336432,15730796,서울 서대문구 창천동 18-5,CE7,카페,"가정,생활 > 여가시설 > 보드카페",펀타임,서울 서대문구 명물길 6
552,126.93753120784,37.5573977964704,15326532,서울 서대문구 창천동 18-1,CE7,카페,"가정,생활 > 여가시설 > 보드카페",펀까페,서울 서대문구 명물길 10
553,126.906260362862,37.5584916438574,1641973542,서울 마포구 망원동 517,CE7,카페,"가정,생활 > 여가시설 > 보드카페",우리들의아지트,서울 마포구 월드컵로25길 26
554,126.946422428999,37.5382973893265,981124778,서울 마포구 도화동 55,CE7,카페,"가정,생활 > 여가시설 > 보드카페",위너보드카페,서울 마포구 마포대로4길 30-3
555,126.94644599341471,37.53857220505966,26466301,서울 마포구 도화동 290-10,CE7,카페,"가정,생활 > 여가시설 > 보드카페",아수라발발타,서울 마포구 마포대로4나길 7
556,126.925225466544,37.5767314175042,1882775295,서울 서대문구 남가좌동 339-29,CE7,카페,"가정,생활 > 여가시설 > 보드카페",텍사스홀펍,서울 서대문구 증가로 110
557,126.956850955056,37.5525122182901,735087985,서울 마포구 아현동 733,,,"서비스,산업 > 전문대행 > 공간대여 > 모임공간",잔머리보드게임동호회,서울 마포구 마포대로 208
558,126.92125755712593,37.55312634693567,1010403615,서울 마포구 서교동 357-5,CE7,카페,"가정,생활 > 여가시설 > 만화방 > 만화카페 > 놀숲",놀숲플러스 홍대점,서울 마포구 양화로16길 29
559,126.9200776253952,37.55060456185311,354755930,서울 마포구 서교동 395-18,CE7,카페,"가정,생활 > 여가시설 > 만화방 > 만화카페 > 벌툰",벌툰 인더스트리얼 홍대본점,서울 마포구 독막로7길 63
560,126.925146143059,37.5564499530999,2134411175,서울 마포구 동교동 169-11,CE7,카페,"가정,생활 > 여가시설 > 만화방 > 만화카페 > 벌툰",벌툰 봉화당 홍대입구역점,서울 마포구 어울마당로 137
561,126.936182159363,37.5573826590523,864693294,서울 서대문구 창천동 57-42,CE7,카페,"가정,생활 > 여가시설 > 만화방 > 만화카페 > 벌툰",벌툰 플레이플러스 신촌직영점,서울 서대문구 연세로5가길 8-3
562,126.91511722948697,37.54790170913903,1040119941,서울 마포구 합정동 366-1,CE7,카페,음식점 > 카페,디벙크,서울 마포구 성지1길 30
563,126.922283611876,37.5535072477912,22614688,서울 마포구 서교동 358-113,CE7,카페,음식점 > 카페 > 테마카페 > 북카페,카페데코믹스 홍대점,서울 마포구 어울마당로 96
564,127.029172508239,37.4997682318263,2104936093,서울 강남구 역삼동 818-7,FD6,음식점,음식점 > 중식,하우마라탕,서울 강남구 강남대로94길 23
565,127.027092198454,37.5012427730862,1665040674,서울 강남구 역삼동 619-17,FD6,음식점,음식점 > 중식 > 중국요리,중경마라탕 강남역점,서울 강남구 테헤란로1길 44
566,127.03146302237012,37.49546533816528,503470628,서울 강남구 역삼동 827-23,FD6,음식점,음식점 > 중식,중경마라탕 강남2호점,서울 강남구 강남대로78길 27
567,127.051152060935,37.5255871406778,170704200,서울 강남구 청담동 126-7,FD6,음식점,음식점 > 중식,텐파마라탕마라샹꿔,서울 강남구 압구정로79길 49
568,127.038006335988,37.5028381500887,1221274774,서울 강남구 역삼동 670-22,FD6,음식점,음식점 > 중식,양궈푸마라탕 역삼1호점,서울 강남구 논현로94길 21
569,127.028032606094,37.5240631871066,1249229389,서울 강남구 신사동 583-3,FD6,음식점,음식점 > 중식,신룽푸마라탕 압구정점,서울 강남구 논현로 841
570,127.03654333962912,37.50257795078648,23999472,서울 강남구 역삼동 668-14,FD6,음식점,음식점 > 중식,불이아 역삼점,서울 강남구 논현로 514
571,127.021228628773,37.5140166183827,980076754,서울 강남구 논현동 21-16,FD6,음식점,음식점 > 중식,인량 훠궈,서울 강남구 강남대로140길 9
572,127.03819201119605,37.52542986230018,7894375,서울 강남구 신사동 655,FD6,음식점,음식점 > 중식,벽돌해피푸드 압구정점,서울 강남구 도산대로51길 36
573,127.060410590382,37.49906711788,1528437436,서울 강남구 대치동 941-18,FD6,음식점,음식점 > 중식,칠리향마라탕,서울 강남구 삼성로 301
574,127.034537102211,37.4989847118902,820425243,서울 강남구 역삼동 736-18,FD6,음식점,음식점 > 중식,룽푸청마라탕,서울 강남구 테헤란로20길 11
575,127.03852900357693,37.52737862024652,1068851079,서울 강남구 신사동 662-8,FD6,음식점,음식점 > 중식 > 양꼬치,심양 청담본점,서울 강남구 선릉로161길 21
576,127.026336887857,37.5016429905049,1087348768,서울 강남구 역삼동 814-6,FD6,음식점,음식점 > 중식 > 중국요리,춘리마라탕 강남CGV직영점,서울 강남구 강남대로 438
577,127.029293847769,37.4977283235671,146674691,서울 강남구 역삼동 825-20,FD6,음식점,음식점 > 중식 > 중국요리,라공방 강남1호 본점,서울 강남구 테헤란로4길 6
578,127.06257825973316,37.50692005468687,27162373,서울 강남구 대치동 950-1,FD6,음식점,음식점 > 중식 > 중국요리,하이보 삼성점,서울 강남구 영동대로85길 13
579,127.021831438363,37.5176565634005,1920793522,서울 강남구 신사동 514-6,FD6,음식점,음식점 > 중식,샤오당자마라탕,서울 강남구 강남대로152길 30
580,127.05330968673734,37.49893268174118,1503712422,서울 강남구 대치동 923-7,FD6,음식점,음식점 > 중식 > 중국요리,탕화쿵푸마라탕 대치점,서울 강남구 선릉로64길 15-14
581,127.058353311423,37.4988041571995,199819878,서울 강남구 대치동 940-6,FD6,음식점,음식점 > 중식 > 중국요리,칠리향마라탕 대치점,서울 강남구 도곡로77길 7
582,127.03664711711936,37.50318546673852,1756288824,서울 강남구 역삼동 668-10,FD6,음식점,음식점 > 중식,마라공방 역삼점,서울 강남구 봉은사로30길 68
583,127.040552256334,37.5219800381284,10354253,서울 강남구 청담동 22-20,FD6,음식점,음식점 > 퓨전요리 > 퓨전중식,마오 청담동점,서울 강남구 도산대로56길 17
584,127.086016438243,37.4905592609128,746417823,서울 강남구 일원동 645-3,FD6,음식점,음식점 > 중식 > 중국요리,일원동마라탕,서울 강남구 일원로9길 56
585,127.0343710841,37.4945328868028,58076502,서울 강남구 역삼동 751-18,FD6,음식점,음식점 > 중식 > 중국요리,라1품마라탕,서울 강남구 역삼로 135
586,127.05258477117307,37.50373987270777,1248783914,서울 강남구 대치동 896-25,FD6,음식점,음식점 > 중식 > 중국요리,빠완,서울 강남구 선릉로86길 34
587,127.026613044893,37.5022411964674,840177469,서울 강남구 역삼동 813-16,FD6,음식점,음식점 > 중식 > 양꼬치,무한숯불양꼬치,서울 강남구 봉은사로2길 37
588,127.02839685650788,37.50013963533893,1336266407,서울 강남구 역삼동 817-21,FD6,음식점,음식점 > 중식 > 중국요리,용용선생 강남역점,서울 강남구 강남대로96길 17
589,127.026336887857,37.5016429905049,905257581,서울 강남구 역삼동 814-6,FD6,음식점,음식점 > 중식,신룽푸마라탕 강남역점,서울 강남구 강남대로 438
590,127.027417434108,37.4999632695196,1201719127,서울 강남구 역삼동 816-5,FD6,음식점,음식점 > 중식,라공방 강남2호 본점,서울 강남구 테헤란로1길 25
591,127.02222557783423,37.519325147967926,814557849,서울 강남구 신사동 517-27,FD6,음식점,음식점 > 중식,라공방 가로수길본점,서울 강남구 도산대로11길 29
592,127.023499184678,37.5081497487625,961301924,서울 강남구 논현동 164-15,FD6,음식점,음식점 > 중식 > 중국요리,용용선생 논현점,서울 강남구 학동로2길 54
593,127.02184954537,37.5176853921613,1492101227,서울 강남구 신사동 514-6,FD6,음식점,음식점 > 중식,샤오당쟈마라탕,서울 강남구 강남대로152길 30
594,127.0358637060336,37.50624642238061,2115726266,서울 강남구 역삼동 657-8,FD6,음식점,음식점 > 중식 > 중국요리,동방미식,서울 강남구 논현로106길 18
595,127.06258374756,37.4945249139595,1539590847,서울 강남구 대치동 599,FD6,음식점,음식점 > 중식,이소룡마라탕,서울 강남구 남부순환로 2947
596,127.050487518071,37.5030461124264,236152470,서울 강남구 대치동 897-8,FD6,음식점,음식점 > 중식 > 중국요리,마라테이블,서울 강남구 선릉로86길 8
597,127.03866246732568,37.52512697248884,261977761,서울 강남구 신사동 655-6,FD6,음식점,음식점 > 중식,마르르,서울 강남구 도산대로53길 29
598,127.035044468822,37.5102291095786,1464953853,서울 강남구 논현동 226,FD6,음식점,음식점 > 중식,딘딘향마라탕 논현점,서울 강남구 봉은사로33길 34
599,127.057259022099,37.5111754946815,1528769880,서울 강남구 삼성동 153-30,FD6,음식점,음식점 > 중식,불이아 삼성점,서울 강남구 테헤란로87길 55
600,127.026852000975,37.5252617945195,1712079660,서울 강남구 신사동 577-9,FD6,음식점,음식점 > 중식 > 양꼬치,마봉양꼬치 압구정점,서울 강남구 압구정로28길 22-10
601,127.03262432200812,37.5083223759132,1798611425,서울 강남구 논현동 192-1,FD6,음식점,음식점 > 중식 > 중국요리,황비홍마라탕 논현점,서울 강남구 논현로113길 7
602,127.023566084467,37.508689437321,1603931155,서울 강남구 논현동 163-3,FD6,음식점,음식점 > 중식 > 중국요리,위징쉔,서울 강남구 학동로2길 45
603,127.04061314572309,37.51744256583398,1994472691,서울 강남구 논현동 119,FD6,음식점,음식점 > 중식,홍리마라탕 강남구청점,서울 강남구 학동로 343
604,127.029284060776,37.5189956436803,26852976,서울 강남구 논현동 66-3,FD6,음식점,음식점 > 중식 > 중국요리,항차이,서울 강남구 논현로150길 8
605,127.0350327030447,37.494731814985386,1144565338,서울 강남구 역삼동 751-14,FD6,음식점,음식점 > 중식,안기덮밥마라탕,서울 강남구 역삼로 143
606,127.02011824355232,37.51958050960207,1947749247,서울 강남구 신사동 507-7,FD6,음식점,음식점 > 중식 > 중국요리,소각,서울 강남구 강남대로160길 17
607,127.059763420215,37.508615401387,457062631,서울 강남구 삼성동 159-7,FD6,음식점,음식점 > 중식,왕푸징마라탕 현대백화점 무역센터점,서울 강남구 테헤란로 517
608,127.052204699105,37.5036364256564,1203047059,서울 강남구 대치동 896-16,FD6,음식점,음식점 > 중식 > 중국요리,정통마라탕 마포마라회관 선릉점,서울 강남구 선릉로86길 30
609,127.02472769605887,37.51911561789681,714223410,서울 강남구 신사동 540-18,FD6,음식점,음식점 > 샐러드,칙피스 가로수길점,서울 강남구 강남대로152길 69
610,127.03491330165164,37.4981601805423,2059181146,서울 강남구 역삼동 740,FD6,음식점,음식점 > 샐러드,헤이그린스 샐러드카페 역삼점,서울 강남구 테헤란로20길 25
611,127.05563591989892,37.50809483479783,1587302731,서울 강남구 삼성동 144-14,FD6,음식점,음식점 > 샐러드,슬로우캘리 삼성점,서울 강남구 삼성로 517
612,127.024620329739,37.5194084663525,1450978661,서울 강남구 신사동 540-5,FD6,음식점,음식점 > 샐러드 > 포케올데이,포케올데이 신사점,서울 강남구 도산대로17길 11
613,127.046455661663,37.5047939153621,21801668,서울 강남구 역삼동 704-51,FD6,음식점,음식점 > 샐러드 > 샐러디,샐러디 선릉점,서울 강남구 선릉로93길 26
614,127.03022880244689,37.49706314523733,658738713,서울 강남구 역삼동 824-11,FD6,음식점,음식점 > 샐러드 > 샐러디,샐러디 강남역점,서울 강남구 강남대로84길 23
615,127.04922646925534,37.52363819004399,1418997010,서울 강남구 청담동 50-10,FD6,음식점,음식점 > 샐러드,알라보 청담점,서울 강남구 도산대로90길 11
616,127.02983969550976,37.49682718044277,63121054,서울 강남구 역삼동 825-24,FD6,음식점,음식점 > 샐러드,오샐러드 강남점,서울 강남구 강남대로84길 15
617,127.051313207878,37.50319532357,419191619,서울 강남구 대치동 897-23,FD6,음식점,음식점 > 샐러드,훅트포케 선릉점,서울 강남구 선릉로86길 16-3
618,127.056695961578,37.5084619407017,1046542942,서울 강남구 삼성동 157-8,FD6,음식점,음식점 > 샐러드 > 샐러디,샐러디 삼성점,서울 강남구 삼성로96길 6
619,127.053461377733,37.5054919345781,239832891,서울 강남구 대치동 891,FD6,음식점,음식점 > 샐러드,피그인더가든 선릉점,서울 강남구 테헤란로 424
620,127.0646701788338,37.50773073331924,1183745350,서울 강남구 대치동 1001-5,FD6,음식점,음식점 > 샐러드,샐러드박스 삼성역점,서울 강남구 영동대로86길 6
621,127.027247667207,37.5182681203916,1644196362,서울 강남구 논현동 9-14,FD6,음식점,음식점 > 샐러드,단백하루,서울 강남구 논현로149길 15
622,127.036905312594,37.5084715837815,2023505233,서울 강남구 논현동 236-6,FD6,음식점,음식점 > 샐러드,샐러딧 강남본점,서울 강남구 봉은사로 227
623,127.045537403984,37.503077857532,1684702238,서울 강남구 역삼동 707-5,FD6,음식점,음식점 > 샐러드,크리스피프레시 선릉점,서울 강남구 테헤란로 316
624,127.024021209582,37.5171587844562,955635501,서울 강남구 논현동 5-16,FD6,음식점,음식점 > 샐러드,테이크파이브,서울 강남구 논현로149길 56
625,127.033451093941,37.5007068470736,289572206,서울 강남구 역삼동 637-36,FD6,음식점,음식점 > 샐러드,밸런스포케 역삼점,서울 강남구 강남대로94길 75
626,127.036088129168,37.5072581826987,31076947,서울 강남구 역삼동 651-14,FD6,음식점,음식점 > 샐러드,바리 슈퍼푸드 논현점,서울 강남구 언주로107길 38
627,127.037898161058,37.5259885782864,943443114,서울 강남구 신사동 657-22,FD6,음식점,음식점 > 샐러드,WHAT A CHEF,서울 강남구 선릉로157길 23-3
628,127.038990612557,37.5035298016018,1697244761,서울 강남구 역삼동 672-25,FD6,음식점,음식점 > 샐러드,뷰티풀샐러드&도시락,서울 강남구 테헤란로33길 26
629,127.032478368602,37.4977599272154,853677931,서울 강남구 역삼동 823-16,FD6,음식점,음식점 > 샐러드,뱃살도둑 역삼점,서울 강남구 논현로85길 70
630,127.05162512267071,37.49958215433836,1455993887,서울 강남구 대치동 921-2,FD6,음식점,음식점 > 샐러드,초록밭,서울 강남구 선릉로 334
631,127.02538388221744,37.50938914134379,1063894418,서울 강남구 논현동 146-11,FD6,음식점,음식점 > 샐러드,그리너 논현점,서울 강남구 강남대로124길 35
632,127.037197745744,37.5279692032508,2059601273,서울 강남구 신사동 660-17,FD6,음식점,음식점 > 샐러드,블랙루머,서울 강남구 압구정로46길 5-6
633,127.03503467287771,37.49894852512514,103606296,서울 강남구 역삼동 736-31,FD6,음식점,음식점 > 샐러드 > 샐러디,샐러디 역삼점,서울 강남구 테헤란로22길 14
634,127.021095255475,37.5183811038751,747921700,서울 강남구 신사동 511-9,FD6,음식점,음식점 > 샐러드 > 샐러디,샐러디 신사점,서울 강남구 강남대로156길 24
635,127.053193367196,37.4991597877297,90357697,서울 강남구 대치동 923-3,FD6,음식점,음식점 > 샐러드,매크로키친 대치본점,서울 강남구 선릉로68길 18
636,127.03072448375345,37.49520153755401,891689827,서울 강남구 역삼동 826-37,FD6,음식점,음식점 > 샐러드,마치래빗 강남점,서울 강남구 테헤란로4길 46
637,127.04221262182352,37.515464302244375,1225673289,서울 강남구 삼성동 8-2,FD6,음식점,음식점 > 샐러드 > 샐러디,샐러디 강남구청역점,서울 강남구 선릉로 660
638,127.027043733811,37.5111051866236,40271144,서울 강남구 논현동 137-11,FD6,음식점,음식점 > 샐러드,끼니위드팜 강남논현점,서울 강남구 강남대로124길 67
639,127.050236724294,37.5034570778727,314512880,서울 강남구 대치동 889-65,FD6,음식점,음식점 > 샐러드,핑크마우스 선릉점,서울 강남구 선릉로86길 5-4
640,127.040573079633,37.5186535280484,2042271655,서울 강남구 논현동 111-22,FD6,음식점,음식점 > 샐러드,그린벨,서울 강남구 선릉로 717
641,127.037244739488,37.4950518967619,493674871,서울 강남구 역삼동 790,FD6,음식점,음식점 > 샐러드,샐리오,서울 강남구 역삼로 166
642,127.051240918598,37.5033287037679,1768987592,서울 강남구 대치동 897-22,FD6,음식점,음식점 > 샐러드 > 샐러디,샐러디 선릉중앙점,서울 강남구 선릉로86길 18
643,127.03932752089,37.52486726426,2143205943,서울 강남구 신사동 665-6,FD6,음식점,음식점 > 샐러드 > 샐러디,샐러디 압구정로데오역점,서울 강남구 선릉로 815
644,127.037206802107,37.5279809134215,1637034687,서울 강남구 신사동 660-17,FD6,음식점,음식점 > 샐러드,르씨엘베르,서울 강남구 압구정로46길 5-6
645,127.056151070054,37.5057916223857,337515586,서울 강남구 대치동 892,FD6,음식점,음식점 > 샐러드,스윗밸런스 포스코센터점,서울 강남구 테헤란로 440
646,127.06072121920111,37.49303111542674,1801670566,서울 강남구 대치동 506,FD6,음식점,음식점 > 샐러드 > 샐러디,샐러디 대치점,서울 강남구 삼성로 151
647,127.032633401744,37.5005998560746,1883731427,서울 강남구 역삼동 647-1,FD6,음식점,음식점 > 샐러드 > 샐러디,샐러디 역삼역점,서울 강남구 강남대로94길 66
648,127.052191922384,37.4982790503297,330839294,서울 강남구 대치동 922-28,FD6,음식점,음식점 > 샐러드 > 샐러디,샐러디 한티역점,서울 강남구 선릉로 320
649,127.06088377012571,37.514966007779286,783139764,서울 강남구 삼성동 107-5,FD6,음식점,음식점 > 샐러드 > 샐러디,샐러디 봉은사역점,서울 강남구 영동대로112길 10
650,127.06080669351763,37.509191511909854,1732235763,서울 강남구 삼성동 159-8,FD6,음식점,음식점 > 샐러드,크리스피프레시 파르나스몰점,서울 강남구 테헤란로 521
651,127.054465754645,37.4978004905177,695238842,서울 강남구 대치동 935-36,FD6,음식점,음식점 > 샐러드 > 포케올데이,포케올데이 대치점,서울 강남구 도곡로63길 12
652,127.02896528084476,37.51369511812982,1217635979,서울 강남구 논현동 58-2,FD6,음식점,음식점 > 샐러드 > 샐러디,샐러디 학동역점,서울 강남구 학동로 165
653,127.03068416042498,37.49614580311185,650683904,서울 강남구 역삼동 827-14,FD6,음식점,음식점 > 샐러드,샐러드몬스터,서울 강남구 테헤란로4길 35
